-- phpMyAdmin SQL Dump
-- version 5.2.1deb3
-- https://www.phpmyadmin.net/
--
-- Host: localhost:3306
-- Generation Time: Oct 25, 2025 at 07:53 AM
-- Server version: 8.0.43-0ubuntu0.24.04.1
-- PHP Version: 8.3.6

SET SQL_MODE = "NO_AUTO_VALUE_ON_ZERO";
START TRANSACTION;
SET time_zone = "+00:00";


/*!40101 SET @OLD_CHARACTER_SET_CLIENT=@@CHARACTER_SET_CLIENT */;
/*!40101 SET @OLD_CHARACTER_SET_RESULTS=@@CHARACTER_SET_RESULTS */;
/*!40101 SET @OLD_COLLATION_CONNECTION=@@COLLATION_CONNECTION */;
/*!40101 SET NAMES utf8mb4 */;

--
-- Database: `db_brms`
--

-- --------------------------------------------------------

--
-- Table structure for table `audit_logs`
--

CREATE TABLE `audit_logs` (
  `id` int NOT NULL,
  `user_id` int DEFAULT NULL,
  `username` varchar(255) DEFAULT NULL,
  `action` varchar(255) NOT NULL,
  `details` text,
  `ip_address` varchar(45) DEFAULT NULL,
  `created_at` timestamp NOT NULL DEFAULT CURRENT_TIMESTAMP
) ENGINE=InnoDB DEFAULT CHARSET=utf8mb4 COLLATE=utf8mb4_0900_ai_ci;

--
-- Dumping data for table `audit_logs`
--

INSERT INTO `audit_logs` (`id`, `user_id`, `username`, `action`, `details`, `ip_address`, `created_at`) VALUES
(1, 1, 'admin', 'LOGOUT', 'User admin logged out.', '10.0.151.222', '2025-09-10 03:54:20'),
(2, 1, 'admin', 'LOGOUT', 'User admin logged out.', '10.0.151.222', '2025-09-10 04:12:57'),
(3, NULL, NULL, 'LOGIN_FAIL', 'Failed login attempt for user: Edd', '127.0.0.1', '2025-09-10 05:00:14'),
(4, 1, 'admin', 'UPDATE_SETTINGS', 'Admin updated system settings.', '127.0.0.1', '2025-09-10 05:07:06'),
(5, 1, 'admin', 'CREATE_BOOKING', 'User created booking ID: 199', '127.0.0.1', '2025-09-10 05:08:01'),
(6, 89, 'kanya', 'CREATE_BOOKING', 'User created booking ID: 200', '127.0.0.1', '2025-09-10 06:39:04'),
(7, 1, 'admin', 'DELETE_BOOKING', 'Admin deleted booking ID: 200', '127.0.0.1', '2025-09-10 06:41:30'),
(8, 1, 'admin', 'UPDATE_ROOM', 'Admin updated room ID: 8', '127.0.0.1', '2025-09-10 06:42:19'),
(9, 1, 'admin', 'UPDATE_ROOM', 'Admin updated room ID: 8', '127.0.0.1', '2025-09-10 06:42:33'),
(10, 1, 'admin', 'DELETE_BOOKING', 'Admin deleted booking ID: 199', '127.0.0.1', '2025-09-10 06:42:46'),
(11, 1, 'admin', 'LOGOUT', 'User admin logged out.', '127.0.0.1', '2025-09-10 11:41:25'),
(12, 87, 'test@brms.com', 'CREATE_BOOKING', 'User created booking ID: 201', '127.0.0.1', '2025-09-10 11:44:56'),
(13, NULL, NULL, 'LOGOUT', 'User  logged out.', '127.0.0.1', '2025-09-10 22:52:10'),
(14, NULL, NULL, 'LOGIN_FAIL', 'Failed login attempt for user: 55240241', '10.0.150.106', '2025-09-11 08:47:31'),
(15, NULL, NULL, 'LOGIN_FAIL', 'Failed login attempt for user: 55240241', '10.0.150.106', '2025-09-11 08:47:37'),
(16, NULL, NULL, 'LOGIN_FAIL', 'Failed login attempt for user: Panisara', '10.0.150.106', '2025-09-11 08:47:56'),
(17, NULL, NULL, 'LOGIN_FAIL', 'Failed login attempt for user: Panisara', '10.0.150.106', '2025-09-11 08:48:03'),
(18, NULL, NULL, 'LOGOUT', 'User  logged out.', '127.0.0.1', '2025-09-13 22:18:32'),
(19, NULL, NULL, 'LOGIN_FAIL', 'Failed login attempt for user: Sompong.k@tn.ac.th', '127.0.0.1', '2025-09-15 08:10:22'),
(20, NULL, NULL, 'LOGIN_FAIL', 'Failed login attempt for user: Sompong.k@tn.ac.th', '127.0.0.1', '2025-09-15 08:10:32'),
(21, NULL, NULL, 'LOGIN_FAIL', 'Failed login attempt for user: memystyles', '192.168.165.166', '2025-09-16 01:29:38'),
(22, NULL, NULL, 'LOGIN_FAIL', 'Failed login attempt for user: memystyles@gmail.com', '192.168.165.166', '2025-09-16 01:29:51'),
(23, 52, 'sittikarn.p@tn.ac.th', 'CREATE_BOOKING', 'User created booking ID: 202', '10.0.150.132', '2025-09-16 01:40:52'),
(24, 52, 'sittikarn.p@tn.ac.th', 'CREATE_BOOKING', 'User created booking ID: 203', '10.0.150.132', '2025-09-16 01:42:42'),
(25, NULL, NULL, 'LOGIN_FAIL', 'Failed login attempt for user: jindaporn.c@tn.ac.th', '127.0.0.1', '2025-09-16 01:57:07'),
(26, NULL, NULL, 'LOGIN_FAIL', 'Failed login attempt for user: jindaporn.c@tn.ac.th', '127.0.0.1', '2025-09-16 01:57:14'),
(27, NULL, NULL, 'LOGIN_FAIL', 'Failed login attempt for user: jindaporn.c@tn.ac.th', '127.0.0.1', '2025-09-16 01:57:24'),
(28, NULL, NULL, 'LOGIN_FAIL', 'Failed login attempt for user: jindaporn.c@tn.ac.th', '127.0.0.1', '2025-09-16 02:00:53'),
(29, NULL, NULL, 'LOGIN_FAIL', 'Failed login attempt for user: jindaporn.c@tn.ac.th', '127.0.0.1', '2025-09-16 02:02:04'),
(30, NULL, NULL, 'LOGIN_FAIL', 'Failed login attempt for user: jindaporn.c@tn.ac.th', '127.0.0.1', '2025-09-16 02:03:10'),
(31, 27, 'Offza', 'CREATE_BOOKING', 'User created booking ID: 204', '127.0.0.1', '2025-09-16 02:25:09'),
(32, NULL, NULL, 'LOGIN_FAIL', 'Failed login attempt for user: Saowarot', '127.0.0.1', '2025-09-16 12:33:02'),
(33, NULL, NULL, 'LOGIN_FAIL', 'Failed login attempt for user: chonlathit', '10.15.7.136', '2025-09-17 03:44:20'),
(34, NULL, NULL, 'LOGIN_FAIL', 'Failed login attempt for user: chonlathit', '10.15.7.136', '2025-09-17 03:44:25'),
(35, NULL, NULL, 'LOGIN_FAIL', 'Failed login attempt for user: chonlathit', '10.15.7.136', '2025-09-17 03:44:54'),
(36, 29, 'chonlathit', 'CREATE_BOOKING', 'User created booking ID: 205', '10.15.7.136', '2025-09-17 03:46:07'),
(37, NULL, NULL, 'LOGIN_FAIL', 'Failed login attempt for user: Saowarot​', '127.0.0.1', '2025-09-17 04:52:28'),
(38, NULL, NULL, 'LOGIN_FAIL', 'Failed login attempt for user: Saowarot​', '127.0.0.1', '2025-09-17 04:52:35'),
(39, NULL, NULL, 'LOGIN_FAIL', 'Failed login attempt for user: Saowarot​', '127.0.0.1', '2025-09-17 04:52:44'),
(40, NULL, NULL, 'LOGIN_FAIL', 'Failed login attempt for user: Saowarot', '127.0.0.1', '2025-09-17 04:53:12'),
(41, 61, 'saowarot', 'CREATE_BOOKING', 'User created booking ID: 206', '127.0.0.1', '2025-09-17 04:55:45'),
(42, NULL, NULL, 'LOGIN_FAIL', 'Failed login attempt for user: Saowarot​', '127.0.0.1', '2025-09-19 11:58:20'),
(43, 61, 'saowarot', 'CREATE_BOOKING', 'User created booking ID: 207', '127.0.0.1', '2025-09-19 12:01:30'),
(44, NULL, NULL, 'LOGIN_FAIL', 'Failed login attempt for user: atchara.j@tn.ac.th', '10.0.150.128', '2025-09-22 03:20:32'),
(45, NULL, NULL, 'LOGIN_FAIL', 'Failed login attempt for user: atchara.j@tn.ac.th', '10.0.150.128', '2025-09-22 03:20:42'),
(46, NULL, NULL, 'LOGIN_FAIL', 'Failed login attempt for user: atchara.j@tn.ac.th', '10.0.150.128', '2025-09-22 03:21:47'),
(47, 29, 'chonlathit', 'CREATE_BOOKING', 'User created booking ID: 208', '127.0.0.1', '2025-09-22 03:37:02'),
(48, 30, 'apinya.t@tn.ac.th', 'CREATE_BOOKING', 'User created booking ID: 209', '10.15.5.10', '2025-09-22 04:46:15'),
(49, 30, 'apinya.t@tn.ac.th', 'LOGOUT', 'User apinya.t@tn.ac.th logged out.', '10.15.5.10', '2025-09-22 04:47:33'),
(50, 30, 'apinya.t@tn.ac.th', 'CREATE_BOOKING', 'User created booking ID: 210', '10.15.5.10', '2025-09-22 06:33:35'),
(51, 30, 'apinya.t@tn.ac.th', 'CREATE_BOOKING', 'User created booking ID: 211', '10.15.5.10', '2025-09-22 06:42:56'),
(52, NULL, NULL, 'LOGIN_FAIL', 'Failed login attempt for user: ภัทราพร', '10.15.4.207', '2025-09-22 08:26:47'),
(53, 12, 'ภัทราพร', 'CREATE_BOOKING', 'User created booking ID: 212', '10.15.4.207', '2025-09-22 08:28:22'),
(54, 12, 'ภัทราพร', 'LOGOUT', 'User ภัทราพร logged out.', '10.15.4.207', '2025-09-22 08:28:32'),
(55, NULL, NULL, 'LOGIN_FAIL', 'Failed login attempt for user: ภัทราพร', '10.15.3.142', '2025-09-25 00:59:14'),
(56, NULL, NULL, 'LOGIN_FAIL', 'Failed login attempt for user: pornpan', '127.0.0.1', '2025-09-26 07:11:12'),
(57, NULL, NULL, 'LOGIN_FAIL', 'Failed login attempt for user: pornpan', '127.0.0.1', '2025-09-26 07:11:26'),
(58, NULL, NULL, 'LOGIN_FAIL', 'Failed login attempt for user: pornpan', '127.0.0.1', '2025-09-26 07:11:59'),
(59, 13, 'Pornpan', 'CREATE_BOOKING', 'User created booking ID: 213', '127.0.0.1', '2025-09-26 07:13:20'),
(60, NULL, NULL, 'LOGIN_FAIL', 'Failed login attempt for user: mansharee.w@tn.ac.th', '127.0.0.1', '2025-09-29 08:05:16'),
(61, 14, 'mansharee.w@tn.ac.th', 'CREATE_BOOKING', 'User created booking ID: 214', '127.0.0.1', '2025-09-29 08:07:56'),
(62, NULL, NULL, 'LOGOUT', 'User  logged out.', '127.0.0.1', '2025-09-29 16:59:48'),
(63, NULL, NULL, 'LOGIN_FAIL', 'Failed login attempt for user: bencha.d@tn.ac.th', '127.0.0.1', '2025-10-02 03:24:10'),
(64, NULL, NULL, 'LOGIN_FAIL', 'Failed login attempt for user: เบญจพร ดีแล้ว', '127.0.0.1', '2025-10-02 03:24:14'),
(65, NULL, NULL, 'LOGIN_FAIL', 'Failed login attempt for user: เบญจพร ดีแล้ว', '127.0.0.1', '2025-10-02 03:24:18'),
(66, NULL, NULL, 'LOGIN_FAIL', 'Failed login attempt for user: เบญจพร ดีแล้ว', '127.0.0.1', '2025-10-02 03:24:43'),
(67, NULL, NULL, 'LOGIN_FAIL', 'Failed login attempt for user: เบญจพร ดีแล้ว', '127.0.0.1', '2025-10-02 03:24:47'),
(68, NULL, NULL, 'LOGIN_FAIL', 'Failed login attempt for user: เบญจพร ดีแล้ว', '127.0.0.1', '2025-10-02 03:24:57'),
(69, 1, 'admin', 'CREATE_BOOKING', 'User created booking ID: 215', '127.0.0.1', '2025-10-02 03:32:31'),
(70, NULL, NULL, 'LOGIN_FAIL', 'Failed login attempt for user: เบญจพร ดีแล้ว', '127.0.0.1', '2025-10-02 03:51:26'),
(71, 65, 'Benchaphorn', 'CREATE_BOOKING', 'User created booking ID: 216', '127.0.0.1', '2025-10-02 03:54:11'),
(72, 65, 'Benchaphorn', 'CREATE_BOOKING', 'User created booking ID: 217', '127.0.0.1', '2025-10-02 03:55:34'),
(73, 65, 'Benchaphorn', 'CREATE_BOOKING', 'User created booking ID: 218', '127.0.0.1', '2025-10-02 03:57:24'),
(74, 65, 'Benchaphorn', 'CREATE_BOOKING', 'User created booking ID: 219', '127.0.0.1', '2025-10-02 04:00:01'),
(75, 65, 'Benchaphorn', 'USER_DELETE_BOOKING', 'User deleted their own booking ID: 216', '127.0.0.1', '2025-10-02 04:02:24'),
(76, 65, 'Benchaphorn', 'CREATE_BOOKING', 'User created booking ID: 220', '127.0.0.1', '2025-10-02 04:03:57'),
(77, 65, 'Benchaphorn', 'USER_DELETE_BOOKING', 'User deleted their own booking ID: 217', '127.0.0.1', '2025-10-02 04:04:08'),
(78, NULL, NULL, 'LOGIN_FAIL', 'Failed login attempt for user: chfoam', '127.0.0.1', '2025-10-02 07:37:36'),
(79, 47, 'chfoam', 'CREATE_BOOKING', 'User created booking ID: 221', '127.0.0.1', '2025-10-02 07:39:42'),
(80, 47, 'chfoam', 'USER_DELETE_BOOKING', 'User deleted their own booking ID: 131', '127.0.0.1', '2025-10-02 07:39:51'),
(81, 47, 'chfoam', 'LOGOUT', 'User chfoam logged out.', '127.0.0.1', '2025-10-02 07:40:39'),
(82, 65, 'Benchaphorn', 'CREATE_BOOKING', 'User created booking ID: 222', '127.0.0.1', '2025-10-02 07:42:12'),
(83, 65, 'Benchaphorn', 'USER_DELETE_BOOKING', 'User deleted their own booking ID: 219', '127.0.0.1', '2025-10-02 07:42:23'),
(84, NULL, NULL, 'LOGIN_FAIL', 'Failed login attempt for user: offza', '127.0.0.1', '2025-10-03 02:36:37'),
(85, NULL, NULL, 'LOGIN_FAIL', 'Failed login attempt for user: offza', '127.0.0.1', '2025-10-03 02:36:51'),
(86, 27, 'Offza', 'CREATE_BOOKING', 'User created booking ID: 223', '127.0.0.1', '2025-10-03 02:38:17'),
(87, NULL, NULL, 'LOGIN_FAIL', 'Failed login attempt for user: Saowarot​', '127.0.0.1', '2025-10-03 04:24:14'),
(88, NULL, NULL, 'LOGIN_FAIL', 'Failed login attempt for user: Saowarot​', '127.0.0.1', '2025-10-03 04:24:23'),
(89, NULL, NULL, 'LOGIN_FAIL', 'Failed login attempt for user: Saowarot​', '127.0.0.1', '2025-10-03 04:24:31'),
(90, NULL, NULL, 'LOGIN_FAIL', 'Failed login attempt for user: saowarot', '127.0.0.1', '2025-10-03 04:25:11'),
(91, NULL, NULL, 'LOGIN_FAIL', 'Failed login attempt for user: saowarot', '127.0.0.1', '2025-10-03 04:25:17'),
(92, NULL, NULL, 'LOGIN_FAIL', 'Failed login attempt for user: saowarot', '127.0.0.1', '2025-10-03 04:25:27'),
(93, 27, 'Offza', 'CREATE_BOOKING', 'User created booking ID: 224', '127.0.0.1', '2025-10-03 04:30:32'),
(94, NULL, NULL, 'LOGIN_FAIL', 'Failed login attempt for user: Boonchu', '127.0.0.1', '2025-10-03 09:19:59'),
(95, 11, 'BOONCHU', 'CREATE_BOOKING', 'User created booking ID: 225', '127.0.0.1', '2025-10-03 09:22:04'),
(96, 11, 'BOONCHU', 'USER_DELETE_BOOKING', 'User deleted their own booking ID: 225', '127.0.0.1', '2025-10-03 09:23:26'),
(97, 11, 'BOONCHU', 'CREATE_BOOKING', 'User created booking ID: 226', '127.0.0.1', '2025-10-03 09:24:21'),
(98, 11, 'BOONCHU', 'USER_DELETE_BOOKING', 'User deleted their own booking ID: 191', '127.0.0.1', '2025-10-03 09:24:56'),
(99, 11, 'BOONCHU', 'USER_DELETE_BOOKING', 'User deleted their own booking ID: 187', '127.0.0.1', '2025-10-03 09:25:06'),
(100, NULL, NULL, 'LOGIN_FAIL', 'Failed login attempt for user: panisara', '10.0.151.127', '2025-10-06 03:25:37'),
(101, NULL, NULL, 'LOGIN_FAIL', 'Failed login attempt for user: panisara', '10.0.151.127', '2025-10-06 03:25:47'),
(102, NULL, NULL, 'LOGIN_FAIL', 'Failed login attempt for user: panisara.s@tn.ac.th', '10.0.151.127', '2025-10-06 03:26:41'),
(103, NULL, NULL, 'LOGIN_FAIL', 'Failed login attempt for user: panisara', '10.0.151.127', '2025-10-06 03:27:52'),
(104, NULL, NULL, 'LOGIN_FAIL', 'Failed login attempt for user: panisara', '10.0.151.127', '2025-10-06 03:28:07'),
(105, NULL, NULL, 'LOGIN_FAIL', 'Failed login attempt for user: panisara', '10.0.151.127', '2025-10-06 03:28:25'),
(106, NULL, NULL, 'LOGIN_FAIL', 'Failed login attempt for user: Panisara', '10.0.151.127', '2025-10-06 03:29:51'),
(107, NULL, NULL, 'LOGIN_FAIL', 'Failed login attempt for user: panisara.s@tn.ac.th', '10.0.151.127', '2025-10-06 03:30:11'),
(108, NULL, NULL, 'LOGIN_FAIL', 'Failed login attempt for user: panisara.s@tn.ac.th', '127.0.0.1', '2025-10-06 03:35:09'),
(109, 29, 'chonlathit', 'CREATE_BOOKING', 'User created booking ID: 227', '127.0.0.1', '2025-10-06 03:36:34'),
(110, 29, 'chonlathit', 'CREATE_BOOKING', 'User created booking ID: 228', '127.0.0.1', '2025-10-07 02:38:10'),
(111, 27, 'Offza', 'USER_DELETE_BOOKING', 'User deleted their own booking ID: 224', '127.0.0.1', '2025-10-08 11:30:45'),
(112, 1, 'admin', 'LOGOUT', 'User admin logged out.', '127.0.0.1', '2025-10-09 01:08:44'),
(113, 91, 'test01', 'CREATE_BOOKING', 'User created booking ID: 229', '127.0.0.1', '2025-10-09 01:24:32'),
(114, 91, 'test01', 'USER_DELETE_BOOKING', 'User deleted their own booking ID: 229', '127.0.0.1', '2025-10-09 01:35:26'),
(115, NULL, NULL, 'LOGIN_FAIL', 'Failed login attempt for user: wirasinee.y@tn.ac.th', '127.0.0.1', '2025-10-09 10:48:30'),
(116, 92, 'วิลาสินี', 'CREATE_BOOKING', 'User created booking ID: 230', '127.0.0.1', '2025-10-09 10:54:02'),
(117, NULL, NULL, 'LOGOUT', 'User  logged out.', '127.0.0.1', '2025-10-09 12:53:27'),
(118, 14, 'mansharee.w@tn.ac.th', 'CREATE_BOOKING', 'User created booking ID: 231', '127.0.0.1', '2025-10-10 08:32:55'),
(119, NULL, NULL, 'LOGOUT', 'User  logged out.', '127.0.0.1', '2025-10-13 17:59:19'),
(120, 14, 'mansharee.w@tn.ac.th', 'CREATE_BOOKING', 'User created booking ID: 232', '127.0.0.1', '2025-10-17 04:15:46'),
(121, NULL, NULL, 'LOGOUT', 'User  logged out.', '127.0.0.1', '2025-10-17 09:11:13'),
(122, NULL, NULL, 'LOGOUT', 'User  logged out.', '127.0.0.1', '2025-10-17 12:07:51'),
(123, NULL, NULL, 'LOGOUT', 'User  logged out.', '127.0.0.1', '2025-10-17 21:07:16'),
(124, NULL, NULL, 'LOGOUT', 'User  logged out.', '127.0.0.1', '2025-10-18 00:11:14'),
(125, NULL, NULL, 'LOGOUT', 'User  logged out.', '127.0.0.1', '2025-10-18 00:11:54'),
(126, NULL, NULL, 'LOGOUT', 'User  logged out.', '127.0.0.1', '2025-10-18 17:58:58'),
(127, NULL, NULL, 'LOGOUT', 'User  logged out.', '127.0.0.1', '2025-10-21 00:11:02'),
(128, NULL, NULL, 'LOGOUT', 'User  logged out.', '127.0.0.1', '2025-10-21 03:08:44'),
(129, NULL, NULL, 'LOGOUT', 'User  logged out.', '127.0.0.1', '2025-10-21 06:08:06'),
(130, NULL, NULL, 'LOGOUT', 'User  logged out.', '127.0.0.1', '2025-10-21 12:08:57'),
(131, NULL, NULL, 'LOGOUT', 'User  logged out.', '127.0.0.1', '2025-10-21 21:08:27'),
(132, NULL, NULL, 'LOGOUT', 'User  logged out.', '127.0.0.1', '2025-10-21 21:08:44'),
(133, NULL, NULL, 'LOGOUT', 'User  logged out.', '127.0.0.1', '2025-10-22 18:24:09'),
(134, NULL, NULL, 'LOGOUT', 'User  logged out.', '127.0.0.1', '2025-10-23 17:39:49');

-- --------------------------------------------------------

--
-- Table structure for table `bookings`
--

CREATE TABLE `bookings` (
  `id` int NOT NULL,
  `user_id` int NOT NULL,
  `room_id` int NOT NULL,
  `subject` varchar(255) CHARACTER SET utf8mb4 COLLATE utf8mb4_general_ci NOT NULL,
  `department` varchar(255) CHARACTER SET utf8mb4 COLLATE utf8mb4_general_ci NOT NULL,
  `phone` varchar(20) CHARACTER SET utf8mb4 COLLATE utf8mb4_general_ci DEFAULT NULL,
  `attendees` int NOT NULL,
  `start_time` datetime NOT NULL,
  `end_time` datetime NOT NULL,
  `note` text CHARACTER SET utf8mb4 COLLATE utf8mb4_general_ci,
  `room_layout_image` varchar(255) CHARACTER SET utf8mb4 COLLATE utf8mb4_general_ci DEFAULT NULL,
  `status` enum('pending','approved','rejected') CHARACTER SET utf8mb4 COLLATE utf8mb4_general_ci DEFAULT 'pending',
  `admin_id` int DEFAULT NULL,
  `created_at` timestamp NOT NULL DEFAULT CURRENT_TIMESTAMP,
  `updated_at` timestamp NOT NULL DEFAULT CURRENT_TIMESTAMP ON UPDATE CURRENT_TIMESTAMP
) ENGINE=InnoDB DEFAULT CHARSET=utf8mb4 COLLATE=utf8mb4_general_ci;

--
-- Dumping data for table `bookings`
--

INSERT INTO `bookings` (`id`, `user_id`, `room_id`, `subject`, `department`, `phone`, `attendees`, `start_time`, `end_time`, `note`, `room_layout_image`, `status`, `admin_id`, `created_at`, `updated_at`) VALUES
(1, 37, 7, 'ตัดงบประมาณ', 'งบประมาณ', '0865922132', 12, '2025-03-26 10:00:00', '2025-03-26 12:00:00', '', NULL, 'approved', NULL, '2025-03-25 02:42:29', '2025-03-25 02:42:29'),
(2, 14, 3, 'ประถมนิเทศนิสิตฝึกประสบการณ์', 'วิชาการ', '0946134282', 70, '2025-05-16 13:00:00', '2025-05-16 16:00:00', '', NULL, 'approved', NULL, '2025-03-26 06:16:16', '2025-05-09 05:03:24'),
(3, 18, 3, 'การประชุมจัดทำปฏิทิยฝ่ายและการจัดกิจกรรม/โครงการ', 'ฝ่ายบริหารกิจการนักเรียน', '0966635822', 21, '2025-03-28 10:00:00', '2025-03-28 12:00:00', '', NULL, 'approved', NULL, '2025-03-27 04:24:43', '2025-03-27 04:24:43'),
(4, 44, 3, 'ประเมินผลการปฏิบัติงานของลูกจ้างชั่วคราว', 'งานบุคลากร', '0625793322', 55, '2025-03-31 09:00:00', '2025-03-31 12:00:00', 'ขอจัดเก้าอี้เพิ่มให้เพียงพอกับจำนวนคน', NULL, 'approved', NULL, '2025-03-27 05:53:03', '2025-03-27 05:53:03'),
(5, 45, 1, 'ปรับสภาพนักเรียนใหม่ ม.4', 'วิชาการ', '0848121168', 680, '2025-05-12 09:00:00', '2025-05-16 17:19:00', 'วันที่ 12-13 ซ้อมของสภานักเรียน 13 เย็นจัดเก้าอี้โต๊ะเหมือนประชุมผู้ปกครอง 600 ตัว ม.4 นั่ง และครู นั่งข้างๆ ไมค์ลอย 2 ไมค์สาย 1 โปรเจอเตอร์ คอมขึ้นจอ พร้อมโต๊ะวางชุดกาแฟวันที่ 14 วันเดียว วันที่ 14 มีโต๊ะลงทะเบียนด้วย', NULL, 'approved', NULL, '2025-04-21 10:22:20', '2025-04-21 10:22:20'),
(6, 44, 3, 'สอบคัดเลือกครูอัตราจ้าง วิชาดนตรีไทย', 'บุคลากร', '0625793322', 15, '2025-05-02 09:00:00', '2025-05-02 12:00:00', '', NULL, 'approved', NULL, '2025-04-22 02:47:15', '2025-04-22 02:47:15'),
(7, 29, 1, 'อบรมเชิงปฏิบัติการ การใช้สื่อ Digital ', 'บุคคล', '0825916406', 120, '2025-05-09 08:00:00', '2025-05-10 16:30:00', '', NULL, 'approved', NULL, '2025-04-22 10:04:41', '2025-04-22 10:04:41'),
(8, 13, 2, 'สอบเวสเทริน', 'งานบริการทางวิชาการ', '092-255-8897', 30, '2025-05-10 07:00:00', '2025-05-11 17:30:00', '', NULL, 'approved', NULL, '2025-04-28 05:24:59', '2025-04-28 05:24:59'),
(9, 47, 2, 'เรียนปรับพื้นฐาน ม.4', 'บริหารงานวิชาการ', '0842585559', 84, '2025-05-15 09:16:00', '2025-05-16 09:16:00', 'โต๊ะติว', NULL, 'approved', NULL, '2025-05-13 02:16:11', '2025-05-13 02:16:11'),
(10, 44, 3, 'สอบคัดเลือกครูอัตราจ้าง', 'บุคลากร', '0625793322', 10, '2025-05-21 09:00:00', '2025-05-21 11:00:00', '', NULL, 'approved', NULL, '2025-05-14 07:21:54', '2025-05-14 07:21:54'),
(11, 15, 2, 'ตรวจสุขภาพประจำปี 2568', 'งานอนามัยโรงเรียน/ศูนย์อนามัยที่ 2 พิษณุโลก', '0865911275', 60, '2025-05-22 08:00:00', '2025-05-22 12:00:00', '', NULL, 'approved', NULL, '2025-05-15 08:19:46', '2025-05-15 08:19:46'),
(12, 18, 1, 'ตรวจปัสสาวะนักเรียน ชั้น ม.4-6', 'ฝ่ายบริหารกิจการนักเรียน', '0966935635', 800, '2025-05-23 08:30:00', '2025-05-23 10:30:00', 'โต๊ะสำหรับวางชุดตรวจ 4 ตัว\r\nเก้าอี้ 15 ตัว', NULL, 'approved', NULL, '2025-05-16 03:10:56', '2025-05-16 03:10:56'),
(13, 25, 1, 'เลือกชุมนุมนักเรียน ม.5', 'บริหารวิชาการ', '0866809869', 590, '2025-05-23 12:40:00', '2025-05-23 14:40:00', 'เก้าอี้ครูด้านข้าง 30 ตัว โต๊ะวางคอมด้านหน้า เก้าอี้ 1 ชุด ', NULL, 'approved', NULL, '2025-05-19 04:17:24', '2025-05-19 04:17:24'),
(14, 51, 3, 'ประชุมการประกวดยุวชนนักสื่อสารประกันภัย ปี2568', 'งานประกันภัย', '-', 10, '2025-05-23 13:00:00', '2025-05-23 16:30:00', '', NULL, 'approved', NULL, '2025-05-20 02:47:34', '2025-05-20 02:47:34'),
(16, 51, 1, 'จัดแคมป์ยุวชนนักสื่อสารประกันภัย ปี2568', 'งานประกันภัย', '-', 160, '2025-06-17 08:30:00', '2025-06-17 16:30:00', '', NULL, 'approved', NULL, '2025-05-20 02:52:40', '2025-05-20 08:01:33'),
(18, 45, 1, 'ซ้อมพิธีไหว้ครู คาบระดับ ม.4', 'กิจการนักเรียน', '0848121168', 680, '2025-05-26 15:00:00', '2025-05-26 16:25:00', 'นักเรียนนั่งพื้น มีแค่เก้าอี้ครูบนเวทีซ้อมไหว้ไปก่อน', NULL, 'approved', NULL, '2025-05-20 06:26:07', '2025-05-20 06:26:07'),
(19, 45, 1, 'ซ้อมพิธีไหว้ครู คาบระดับ ม.5 ', 'กิจการนักเรียน', '0848121168', 680, '2025-05-27 15:00:00', '2025-05-27 16:27:00', 'นักเรียนนั่งพื้น มีแค่เก้าอี้ครูบนเวทีซ้อมไหว้ไปก่อน', NULL, 'approved', NULL, '2025-05-20 06:28:02', '2025-05-20 06:28:02'),
(20, 45, 1, 'ซ้อมพิธีไหว้ครู คาบระดับ ม.6', 'กิจการนักเรียน', '0848121168', 680, '2025-06-04 15:00:00', '2025-06-04 17:30:00', 'เก้าอี้หลุยส์บนเวที เก้าอี้ขาวด้านข้าง โต๊ะวางพาน (รายละเอียดสถานที่ประสานครูก๊อตได้เลยครับ)', NULL, 'approved', NULL, '2025-05-20 06:30:10', '2025-05-20 06:30:10'),
(21, 45, 1, 'พิธีไหว้ครู', 'กิจการนักเรียน', '0848121168', 700, '2025-06-05 07:30:00', '2025-06-05 12:30:00', 'สถานที่ตามวันที่ 4 มิย. ที่จัดไว้ เพิ่มของว่างให้ครูเป็นชากาแฟด้านหลัง', NULL, 'approved', NULL, '2025-05-20 06:32:02', '2025-05-20 06:32:02'),
(22, 52, 2, 'ซ้อมวันไหว้ครู', 'งานสภานักเรียน', '0956970657', 60, '2025-05-21 16:00:00', '2025-05-21 17:30:00', '', NULL, 'approved', NULL, '2025-05-20 09:31:37', '2025-05-20 09:31:37'),
(23, 52, 2, 'ซ้อมวันไหว้ครู', 'งานสภานักเรียน', '0956970657', 60, '2025-05-23 12:40:00', '2025-05-23 16:00:00', '', NULL, 'approved', NULL, '2025-05-20 09:32:45', '2025-05-20 09:32:45'),
(24, 53, 1, 'ฝึกซ้อมการแข่งขันดนตรี', 'งานดนตรีและดุรอยางค์', '0850515019', 20, '2025-06-02 14:20:00', '2025-06-03 17:30:00', '', NULL, 'approved', NULL, '2025-06-01 14:14:27', '2025-06-01 14:14:27'),
(25, 18, 2, 'ถ่ายรูปนักเรียนชั้น ม.4 เข้าระบบ Student care ', 'ฝ่ายบริหารกิจการนักเรียน', '0966635822', 250, '2025-06-09 08:30:00', '2025-06-09 13:00:00', '** นักเรียนแบ่งถ่ายรูปเป็นช่วงเวลา คาบ 1 (4.1-4.4) คาบ 2 (4.5-4.8) คาบ 3 (4.9-4.12) และคาบ 5 (4.13-4.15) ** โต๊ะหน้าขาว 4 ตัว เก้าอี้ 8 ตัว ', NULL, 'approved', NULL, '2025-06-04 08:19:21', '2025-06-04 08:19:21'),
(26, 54, 3, 'อบรมงานประกันภัย', 'บริหารทั่วไป/งานประกันอุบัติเหตุ', '0993106265', 23, '2025-06-09 10:00:00', '2025-06-09 12:00:00', 'วิทยากร 3 คน ผู้บริหาร 4 คน ครู 8 คน นร. 8 คน ', NULL, 'approved', NULL, '2025-06-04 12:39:47', '2025-06-04 12:39:47'),
(27, 55, 2, 'เปิดบัญชีธนาคารโรงเรียน', 'บริหารทั่วไป', '0982959593', 50, '2025-06-10 08:44:00', '2025-06-12 08:44:00', 'โต๊ะ4ตัว เก้าอี้50ตัว', NULL, 'approved', NULL, '2025-06-05 01:45:57', '2025-06-05 01:45:57'),
(28, 26, 3, 'รับการนิเทศสถานศึกษาพอเพียง', 'วิชาการ', '0871733641', 15, '2025-06-30 12:00:00', '2025-06-30 16:00:00', '', NULL, 'approved', NULL, '2025-06-05 04:10:43', '2025-06-05 04:10:43'),
(29, 22, 8, 'อบรมฟุตบอล Ari', 'สุขศึกษาและพลศึกษา', '0967463596', 10, '2025-06-06 12:00:00', '2025-06-06 17:00:00', 'โต๊ะขาว 3 ตัว  เก้าอี้ 20 ตัว', NULL, 'approved', NULL, '2025-06-05 04:56:43', '2025-06-05 04:56:43'),
(30, 29, 1, 'ประชุมคณะครูและบุคลากร', 'บุคคล', '0825916406', 120, '2025-06-06 15:00:00', '2025-06-06 16:30:00', '', NULL, 'approved', NULL, '2025-06-05 08:28:38', '2025-06-05 08:28:38'),
(31, 18, 3, 'ประชุม', 'ฝ่ายบริหารกิจการนักเรียน', '0966635822', 20, '2025-06-10 15:00:00', '2025-06-10 16:00:00', 'ไมค์ 2 ตัวค่ะ ', NULL, 'approved', NULL, '2025-06-07 01:03:04', '2025-06-07 01:03:04'),
(32, 1, 1, 'กิจกรรมเลือกชุมนุม ม.4', 'วัดผล', '0866809869', 600, '2025-06-09 15:10:00', '2025-06-09 16:00:00', 'โต๊ะครู ข้างหน้า 1 โต๊ะ\r\n\r\nนายประดับชัย อินมณี', NULL, 'approved', NULL, '2025-06-09 02:35:11', '2025-06-09 02:35:44'),
(33, 14, 3, 'รับการนิเทศติดตามหลักสูตรต้านทุจริต', 'วิชาการ', '0946134282', 50, '2025-06-17 13:00:00', '2025-06-17 16:00:00', '', NULL, 'approved', NULL, '2025-06-09 04:46:50', '2025-06-09 04:46:50'),
(34, 18, 3, 'การประชุมคณะกรรมการดำเนินกิจกรรมพิธีประดับพระเกี้ยว', 'ฝ่ายบริหารกิจการนักเรียน', '0966635822', 25, '2025-06-10 08:20:00', '2025-06-10 10:30:00', '', NULL, 'approved', NULL, '2025-06-09 06:54:36', '2025-06-09 06:54:36'),
(38, 18, 1, 'การประชุมผู้ปกครองนักเรียน ภาคเรียนที่ 1/68 ', 'ฝ่ายบริหารกิจการนักเรียน', '0617518295', 600, '2025-06-14 07:00:00', '2025-06-14 12:00:00', 'เก้าอี้ 700 ตัว ', NULL, 'approved', NULL, '2025-06-10 09:25:44', '2025-06-10 09:25:44'),
(39, 18, 3, 'การประชุมเครือข่ายผู้ปกครองนักเรียน ม.4 - ม.6', 'ฝ่ายบริหารกิจการนักเรียน', '0617518295', 50, '2025-06-14 11:00:00', '2025-06-14 13:00:00', '', NULL, 'approved', NULL, '2025-06-10 09:27:39', '2025-06-10 09:27:39'),
(40, 45, 2, 'ประชุมสภานักเรียน', 'กิจการนักเรียน', '0848121168', 62, '2025-06-13 12:45:00', '2025-06-13 14:45:00', '', NULL, 'approved', NULL, '2025-06-12 08:46:51', '2025-06-12 08:46:51'),
(41, 22, 1, 'อบรมผู้ตัดสิน', 'สมาคมฟุตบอลเเห่งประเทศไทย ผอ.รับทราบ และให้จองวัน หนังสือจะส่งตามมาที่หลังครับ', '0967463596', 60, '2025-08-30 08:00:00', '2025-08-31 18:00:00', '', NULL, 'approved', NULL, '2025-06-12 10:16:29', '2025-06-12 10:16:29'),
(42, 21, 2, 'อบรมสุขภาพจิตนักเรียน', 'งานแนะแนว', '0918428420', 70, '2025-06-18 13:06:00', '2025-06-19 13:06:00', 'เก้าอี้นั่งด้านข้าง 10 ตัว', NULL, 'approved', NULL, '2025-06-13 06:07:04', '2025-06-13 06:07:04'),
(43, 21, 2, 'เรียนชุมนุมฮีลใจ YC นักเรียนเพื่อนที่ปรึกษา', 'งานแนะแนว', '0918428420', 60, '2025-06-27 13:08:00', '2025-06-27 14:20:00', '', NULL, 'approved', NULL, '2025-06-13 06:09:15', '2025-06-13 06:09:15'),
(47, 18, 3, 'ประชุมพิธีประดับพระเกี้ยว', 'ฝ่ายบริหารกิจการนักเรียน', '0966635822', 20, '2025-06-16 08:00:00', '2025-06-16 10:00:00', '', NULL, 'approved', NULL, '2025-06-15 05:44:05', '2025-06-15 05:44:05'),
(48, 60, 2, 'จัดการเรียนการสอน เรื่อง การแต่งกายชุดประจำชาติญี่ปุ่น', 'กลุ่มสาระการเรียนรู้ภาษาต่างประเทศ', '0822169478', 160, '2025-06-24 08:30:00', '2025-06-24 16:00:00', '', NULL, 'approved', NULL, '2025-06-17 02:28:34', '2025-06-17 02:28:34'),
(49, 61, 1, 'แข่งขันทักษะภาษาไทย เขตพื้นที่การศึกษา', 'ฝ่ายบริหารงานทั่วไป', '0616159096', 300, '2025-07-02 08:30:00', '2025-07-03 16:31:00', 'รายละเอียดรอทางเขตพื้นที่ สพม.พล.อต ชี้แจงรายละเอียดอีกครั้งค่ะ', NULL, 'approved', NULL, '2025-06-19 06:32:56', '2025-06-19 06:32:56'),
(50, 28, 3, 'ประชุมคณะทำงาน ITA 2568', 'งานควบคุมภายใน ฝ่ายบริหารงบประมาณ', '0906848593', 6, '2025-06-20 14:30:00', '2025-06-20 16:00:00', '', NULL, 'approved', NULL, '2025-06-19 09:16:58', '2025-06-19 09:16:58'),
(51, 62, 1, 'ติว สอวน.', 'วิทยาศาสตร์และเทคโนโลยี', '0881508205', 200, '2025-07-05 08:30:00', '2025-07-05 15:30:00', 'โต๊ะ 40 ตัว เก้าอี้ ประมาณ 200 ตัว', NULL, 'approved', NULL, '2025-06-20 07:35:47', '2025-06-20 07:35:47'),
(52, 64, 2, 'แข่งขันทักษะคณิตศาสตร์', 'กลุ่มสาระการเรียนรู้คณิตศาสตร์', '062-351-6326', 60, '2025-07-02 12:00:00', '2025-07-03 16:00:00', 'โต๊ะขาว 30 ตัว เก้าอี้ 60 ตัว', NULL, 'approved', NULL, '2025-06-21 10:02:30', '2025-06-21 10:02:30'),
(53, 32, 1, 'จัดกิจกรรมโครงการสานฝันปันความรู้มุ่งสู่มหาวิทยาลัย', 'วิชาการ', '0845988951', 500, '2025-08-01 08:30:00', '2025-08-01 16:00:00', '', '/booking/assets/img/room_layouts/ผังงาน.pdf', 'approved', NULL, '2025-06-24 02:08:40', '2025-06-24 02:08:40'),
(54, 26, 2, 'อบรมวิทยาศาสตร์', 'วิชาการ', '0871733641', 100, '2025-06-30 08:00:00', '2025-06-30 16:30:00', '', NULL, 'approved', NULL, '2025-06-24 02:51:07', '2025-06-24 02:51:07'),
(55, 15, 1, 'อบรมนักเรียนรอบรู้สุขภาพ', 'อนามัยโรงเรียน', '0865911275', 150, '2025-07-31 08:30:00', '2025-07-31 16:00:00', '', NULL, 'approved', NULL, '2025-06-24 02:53:03', '2025-06-24 02:53:03'),
(58, 65, 1, 'กิจกรรมรับน้องแผนการเดินภาษาอังกฤษ', 'แผนการเรียนภาษาอังกฤษ', '0806319916', 160, '2025-06-27 13:00:00', '2025-06-27 16:00:00', 'นักเรียนนั่งพื้นค่ะ ไม่ใช้เก้าอี้ มีแค่โต๊ะที่วางคอมพิวเตอร์กับไมโครโฟนด้านหน้า 1-2 โต๊ะค่ะ ', NULL, 'approved', NULL, '2025-06-24 06:39:08', '2025-06-24 06:39:08'),
(60, 25, 2, 'ประชุมผู้ปกครอง นักเรียนติด 0 ร มส. และทำ MOU', 'บริหารวิชาการ', '0866809869', 80, '2025-07-21 08:30:00', '2025-07-21 12:00:00', 'โต๊ะลงทะเบียน 1 ตัว พร้อมเก้าอี้ 2 ตัว โต๊ะหน้าเวที 1 ตัว พร้อมเก้าอี้ 2 ตัว โต๊ะครูที่ปรึกษาด้านข้าง 10 ตัว เก้าอี้ โต๊ะละ 2 ตัว', NULL, 'approved', NULL, '2025-06-26 03:11:23', '2025-06-26 03:11:23'),
(61, 55, 2, 'เปิดบัญชีธนาคารโรงเรียนรอบเก็บตก', 'ทั่วไป', '0982959593', 50, '2025-07-02 08:30:00', '2025-07-02 12:00:00', 'โต๊ะ สามตัว เก้าอี้ 40ตัว', NULL, 'approved', NULL, '2025-06-27 08:54:27', '2025-06-27 08:54:27'),
(62, 44, 7, 'สอบคัดเลือกเจ้าหน้าที่สารสนเทศและงานประชาสัมพันธ์', 'บุคลากร', '0625793322', 20, '2025-06-30 08:00:00', '2025-06-30 12:00:00', '', NULL, 'approved', NULL, '2025-06-27 09:39:06', '2025-06-27 09:39:06'),
(64, 14, 2, 'การแข่งขันตอบปัญหารัฐศาสตร์', 'สังคมศึกษา', '0946134282', 50, '2025-07-25 13:00:00', '2025-07-25 16:00:00', 'เปิดอุปกรณ์โสตให้ด้วยค่ะ', '/booking/assets/img/room_layouts/IMG_6431.jpeg', 'approved', NULL, '2025-06-30 04:04:25', '2025-06-30 04:04:25'),
(65, 14, 2, 'การแข่งขันต่อปัญหากฎหมาย', 'สังคมศึกษา', '0946134282', 80, '2025-07-04 13:00:00', '2025-07-04 16:00:00', '	โต๊ะ 36 ตัว เก้าอี้ 72 ตัว ขอให้เปิดอุปกรณ์โสตให้ด้วยค่ะ', '/booking/assets/img/room_layouts/IMG_6433.jpeg', 'approved', NULL, '2025-06-30 04:08:02', '2025-06-30 04:08:02'),
(66, 29, 1, 'ประชุมคณะครูและบุคลากร', 'บุคคล', '0825916406', 120, '2025-07-04 14:30:00', '2025-07-04 16:00:00', '', NULL, 'approved', NULL, '2025-06-30 05:33:41', '2025-06-30 05:33:41'),
(67, 28, 3, 'รับรายงานตัวผู้ผ่านการคัดเลือกเจ้าหน้าที่สารสนเทศ', 'ฝ่ายบริหารงานบุคคล', '0906848593', 5, '2025-07-02 13:00:00', '2025-07-02 15:00:00', '', NULL, 'approved', NULL, '2025-07-01 10:52:55', '2025-07-01 10:52:55'),
(68, 13, 2, 'จัดสอบ ม. เวสเทิร์น', 'งานบริการวิชาการ', '0875836100', 60, '2025-07-12 07:00:00', '2025-07-13 17:27:00', '', NULL, 'approved', NULL, '2025-07-02 03:28:06', '2025-07-02 03:28:06'),
(69, 13, 2, 'จัดสอบ กพ', 'งานบริการวิชาการ', '0875836100', 120, '2025-08-01 06:00:00', '2025-08-03 18:00:00', '', NULL, 'approved', NULL, '2025-07-02 03:29:38', '2025-07-02 03:29:38'),
(70, 15, 2, 'ตรวจสุขภาพประจำปี ', 'งานอนามัยโรงเรียน', '0865911275', 35, '2025-07-23 12:40:00', '2025-07-23 16:00:00', 'จุดต่อพวง รถเอกซเรย์', NULL, 'approved', NULL, '2025-07-02 07:52:38', '2025-07-02 07:52:38'),
(71, 54, 1, 'กิจกรรมวันภาษาไทย', 'กลุ่มสาระการเรียนรู้ภาษาไทย', '0945141928', 500, '2025-07-30 09:00:00', '2025-07-30 16:00:00', 'โต๊ะขาว 10 ตัว เก้าอี้ 50 ตัว บอร์ดใหญ่ติดผลงาน 2 บอร์ด พรมแดง 1 ผืน', NULL, 'approved', NULL, '2025-07-02 09:32:49', '2025-07-02 09:32:49'),
(72, 25, 2, 'แก้ไขปัญหาผลการเรียน 0 ร มส. ตามกลุ่มสาระการเรียนรู้', 'บริหารวิชาการ', '0866809869', 60, '2025-07-22 07:30:00', '2025-07-22 08:30:00', 'จัดโต๊ะเป็นกลุ่ม 8 กลุ่ม แต่ละกลุ่มมีโต๊ะ 2 ตัว เก้าอี้ 8 ตัว', NULL, 'approved', NULL, '2025-07-03 02:40:22', '2025-07-03 02:40:22'),
(73, 25, 2, 'แก้ไขปัญหาผลการเรียน 0 ร มส. ตามกลุ่มสาระการเรียนรู้', 'บริหารวิชาการ', '0866809869', 60, '2025-07-24 07:30:00', '2025-07-24 08:30:00', 'จัดโต๊ะเป็นกลุ่ม 8 กลุ่ม แต่ละกลุ่มมีโต๊ะ 2 ตัว เก้าอี้ 8 ตัว', NULL, 'approved', NULL, '2025-07-03 02:43:40', '2025-07-03 02:43:40'),
(74, 25, 2, 'แก้ไขปัญหาผลการเรียน 0 ร มส. ตามกลุ่มสาระการเรียนรู้', 'บริหารวิชาการ', '0866809869', 60, '2025-07-28 07:30:00', '2025-07-28 08:30:00', 'จัดโต๊ะเป็นกลุ่ม 8 กลุ่ม แต่ละกลุ่มมีโต๊ะ 2 ตัว เก้าอี้ 8 ตัว', NULL, 'approved', NULL, '2025-07-03 02:45:35', '2025-07-03 02:45:35'),
(75, 25, 2, 'แก้ไขปัญหาผลการเรียน 0 ร มส. ตามกลุ่มสาระการเรียนรู้', 'บริหารวิชาการ', '0866809869', 59, '2025-07-29 07:30:00', '2025-07-29 08:30:00', 'จัดโต๊ะเป็นกลุ่ม 8 กลุ่ม แต่ละกลุ่มมีโต๊ะ 2 ตัว เก้าอี้ 8 ตัว', NULL, 'approved', NULL, '2025-07-03 02:47:25', '2025-07-03 02:47:25'),
(76, 25, 2, 'แก้ไขปัญหาผลการเรียน 0 ร มส. ตามกลุ่มสาระการเรียนรู้', 'บริหารวิชาการ', '0866809869', 60, '2025-07-23 07:30:00', '2025-07-23 08:30:00', 'จัดโต๊ะเป็นกลุ่ม 8 กลุ่ม แต่ละกลุ่มมีโต๊ะ 2 ตัว เก้าอี้ 8 ตัว', NULL, 'approved', NULL, '2025-07-03 02:49:15', '2025-07-03 02:49:15'),
(77, 25, 2, 'แก้ไขปัญหาผลการเรียน 0 ร มส. ตามกลุ่มสาระการเรียนรู้', 'บริหารวิชาการ', '0866809869', 60, '2025-07-25 07:30:00', '2025-07-25 08:30:00', 'จัดโต๊ะเป็นกลุ่ม 8 กลุ่ม แต่ละกลุ่มมีโต๊ะ 2 ตัว เก้าอี้ 8 ตัว', NULL, 'approved', NULL, '2025-07-03 02:51:15', '2025-07-03 02:51:15'),
(78, 25, 2, 'แก้ไขปัญหาผลการเรียน 0 ร มส. ตามกลุ่มสาระการเรียนรู้', 'บริหารวิชาการ', '0866809869', 60, '2025-07-30 07:30:00', '2025-07-30 08:30:00', 'จัดโต๊ะเป็นกลุ่ม 8 กลุ่ม แต่ละกลุ่มมีโต๊ะ 2 ตัว เก้าอี้ 8 ตัว', NULL, 'approved', NULL, '2025-07-03 02:56:48', '2025-07-03 02:56:48'),
(79, 25, 2, 'แก้ไขปัญหาผลการเรียน 0 ร มส. ตามกลุ่มสาระการเรียนรู้', 'บริหารวิชาการ', '0866809869', 60, '2025-07-31 07:30:00', '2025-07-31 08:30:00', 'จัดโต๊ะเป็นกลุ่ม 8 กลุ่ม แต่ละกลุ่มมีโต๊ะ 2 ตัว เก้าอี้ 8 ตัว', NULL, 'approved', NULL, '2025-07-03 02:58:03', '2025-07-03 02:58:03'),
(80, 68, 1, 'แนะนำการทำพอร์ตฟอริโอ จากสถาบันcomplete', 'แนะแนว', '0814747471', 562, '2025-07-08 15:10:00', '2025-07-08 16:00:00', '', NULL, 'approved', NULL, '2025-07-04 02:36:33', '2025-07-04 02:36:33'),
(82, 14, 2, 'นิทรรศการแผนการเรียนนิติศาสตร์ - รัฐศาสตร์', 'สังคมศึกษา', '0946134282', 60, '2025-09-05 08:30:00', '2025-09-05 16:00:00', '', NULL, 'approved', NULL, '2025-07-04 09:18:02', '2025-07-04 09:18:02'),
(83, 18, 1, 'งานสถานศึกษาปลอดภัย', 'ฝ่ายบริหารกิจการนักเรียน', '0881600384 ', 600, '2025-07-14 15:00:00', '2025-07-16 16:00:00', 'การจัดกิจกรรมใช้คาบ 9 ของวันที่ 14-16 ก.ค.68 ผู้ประสานงาน ครูวัชรพุทธิ์ เกตุเทศ', NULL, 'approved', NULL, '2025-07-04 13:43:56', '2025-07-04 13:43:56'),
(84, 53, 1, 'ฝึกซ้อมแข่งขันดนตรีคีตวัฒนศิลป์', 'งานดนตรีและดุริยางค์', '0850515019', 50, '2025-07-07 08:30:00', '2025-07-08 14:30:00', '', NULL, 'approved', NULL, '2025-07-06 06:56:42', '2025-07-06 06:56:42'),
(85, 18, 2, 'การมอบปลอกแขนสารวัตรนักเรียน', 'ฝ่ายบริหารกิจการนักเรียน', '0923965466', 60, '2025-07-15 08:00:00', '2025-07-15 10:00:00', 'เก้าอี้ 7 x 7 แถว สำหรับสารวัตรนักเรียนและครู โซฟาสำหรับผู้บริหาร ', NULL, 'approved', NULL, '2025-07-09 02:54:06', '2025-07-09 02:54:06'),
(86, 13, 3, 'ประชุมคุมสอบ', 'บริการทางวิชาการ', '087-5836100', 40, '2025-07-18 14:30:00', '2025-07-18 16:12:00', '', NULL, 'approved', NULL, '2025-07-09 07:13:03', '2025-07-14 01:24:45'),
(87, 54, 2, 'อัดคลิปประกวดพูดสุนทรพจน์', 'กลุ่มสาระการเรียนรู้ภาษาไทย', '0993106265', 4, '2025-07-14 08:30:00', '2025-07-14 14:10:00', '', NULL, 'approved', NULL, '2025-07-12 03:01:55', '2025-07-12 03:01:55'),
(88, 62, 1, 'ติว สอวน.', 'กลุ่มสาระการเรียนรู้วิทยาศาสตร์', '0881508205', 120, '2025-07-19 08:00:00', '2025-07-19 16:00:00', 'โต๊ะ นั่ง 3 คน 40 ชุด\r\n+เก้าอี้ ', NULL, 'approved', NULL, '2025-07-13 09:46:53', '2025-07-13 09:46:53'),
(89, 28, 2, 'การประเมินและพัฒนาอย่างเข้ม ตำแหน่ง ครูผู้ช่วย', 'ฝ่ายบริหารงานบุคคล', '0906848593', 15, '2025-07-16 07:00:00', '2025-07-16 12:00:00', 'จัดโต๊ะในรูปแบบตัว U จำนวน 15 ที่นั่ง', NULL, 'approved', NULL, '2025-07-13 23:41:19', '2025-07-13 23:41:19'),
(90, 12, 2, 'กิจกรรมภาษาเกาหลี', 'กลุ่มสาระการเรียนรู้ภาษาต่างประเทศ', '0929885535', 100, '2025-08-13 12:30:00', '2025-08-13 16:00:00', 'โต๊ะ 10 ตัว\r\nเก้าอี้ 40 ตัว', NULL, 'approved', NULL, '2025-07-14 06:34:34', '2025-07-14 06:34:34'),
(92, 12, 3, 'ภาษาต่างประเทศ', 'กลุ่มสาระการเรียนรู้ภาษาต่างประเทศ', '0929885535', 40, '2025-08-01 08:00:00', '2025-08-01 16:00:00', '', NULL, 'approved', NULL, '2025-07-14 07:47:34', '2025-07-14 07:47:34'),
(96, 30, 1, 'แนะแนวจาก ม.นอร์ทกรุงเทพ', 'แนะแนว', '0956340641', 350, '2025-08-06 15:10:00', '2025-08-06 16:00:00', '', NULL, 'approved', NULL, '2025-07-15 05:58:29', '2025-07-15 05:58:29'),
(97, 30, 1, 'แนะแนวจากวิทยาลัยเซนต์เทเรซ่า', 'แนะแนว', '0956340641', 350, '2025-08-13 15:10:00', '2025-08-13 16:00:00', '', NULL, 'approved', NULL, '2025-07-15 06:00:05', '2025-07-15 06:00:05'),
(98, 61, 1, 'การแข่งขันศิลปะเขตพื้นที่', 'บริหารงานทั่วไป', '0616159096', 100, '2025-07-22 08:00:00', '2025-07-22 16:30:00', 'โต๊ะหน้าขาว 3ตัว\r\nเก้าอี้ 100 ตัว', NULL, 'approved', NULL, '2025-07-15 06:04:27', '2025-07-15 06:04:27'),
(99, 61, 2, 'การแข่งขันศิลปะเขตพื้นที่', 'งานบริหารงานทั่วไป', '0616159096', 100, '2025-07-22 08:31:00', '2025-07-22 16:30:00', '', NULL, 'approved', NULL, '2025-07-15 06:07:04', '2025-07-15 06:07:04'),
(100, 61, 3, 'การแข่งขันศิลปะเขตพื้นที่', 'งานบริหารงานทั่วไป', '0616159096', 100, '2025-07-22 08:30:00', '2025-07-22 16:30:00', 'โต๊ะหน้าขาว 3 ตัว \r\nเก้าอี้ 3 ตัว', NULL, 'approved', NULL, '2025-07-15 06:08:45', '2025-07-15 06:08:45'),
(101, 47, 1, 'ติวภาษาอังกฤษ ม.4-6', 'บริหารงานวิชาการ', '0842585559', 600, '2025-07-24 09:00:00', '2025-07-24 16:00:00', 'โต๊ะติว', NULL, 'approved', NULL, '2025-07-16 06:51:54', '2025-07-16 06:51:54'),
(102, 62, 1, 'งานสัปดาห์วิทยาศาสตร์', 'วิทยาศาสตร์และเทคโนโลยี', '0881508205', 300, '2025-08-15 12:00:00', '2025-08-15 15:00:00', 'โต๊ะกรรมการ 1 ตัว 3 ที่นั่ง\r\nโต๊ะวางของรางวัล 2 ตัว\r\nชุดโต๊ะหมู่บูชาหน้าจอมอนิเตอร์เพื่อวางพานพุ่มสักการะ', NULL, 'approved', NULL, '2025-07-16 07:07:11', '2025-07-16 07:07:11'),
(103, 27, 1, 'อบรมการใช้โดรน', 'วิชาการ', '0869318880', 30, '2025-07-17 14:59:00', '2025-07-18 14:59:00', '', NULL, 'approved', NULL, '2025-07-16 07:59:24', '2025-07-16 07:59:24'),
(104, 26, 1, 'ติวของ true ', 'วิชาการ', '0871733641', 600, '2025-07-21 08:00:00', '2025-07-21 16:00:00', '', NULL, 'approved', NULL, '2025-07-17 03:39:25', '2025-07-17 03:39:25'),
(105, 26, 1, 'แข่งเครื่องบินกระดาษ', 'กลุ่มสาระการเรียนรู้วิทยาศาสตร์', '0871733641', 200, '2025-08-14 08:30:00', '2025-08-14 16:00:00', '', NULL, 'approved', NULL, '2025-07-17 08:21:33', '2025-07-17 08:21:33'),
(106, 4, 1, 'อบรมวัคซีนจราจร', 'กิจการนักเรียน อ. ศุภวิชญ์', '0882939872', 100, '2025-08-19 08:00:00', '2025-08-19 16:00:00', 'จัดโต๊ะและเก้าอี้สำหรับนักเรียน 100 คนนั่งหันหน้าเข้าหาเวที', NULL, 'approved', NULL, '2025-07-17 08:34:12', '2025-07-30 07:44:07'),
(107, 47, 1, 'แข่งขัน สัปดาห์วิทยาศาสตร์', 'กลุ่มสาระการเรียนรู้วิทยาศาสตร์และเทคโนโลยี', '0882676350', 200, '2025-08-13 08:30:00', '2025-08-13 15:00:00', '', NULL, 'approved', NULL, '2025-07-17 08:55:30', '2025-07-17 08:55:30'),
(108, 15, 2, 'บริจาคโลหิต', 'งานอนามัยโรงเรียน', '086-591-1275', 150, '2025-08-18 09:00:00', '2025-08-18 12:00:00', '', NULL, 'approved', NULL, '2025-07-17 09:41:50', '2025-07-17 09:41:50'),
(109, 26, 1, 'การนำเสนอผลงานนักเรียนห้องเรียนวิศวกรรม', 'วิชาการ', '0871733641', 130, '2025-09-19 12:00:00', '2025-09-19 16:00:00', '', NULL, 'approved', NULL, '2025-07-17 10:42:16', '2025-07-17 10:42:16'),
(110, 26, 3, 'คณะกรรมการดำเนินการสืบสานงานศิลป์(เขตพื้นที่)', 'เขตพื้นที่', '0871733641', 30, '2025-07-21 13:00:00', '2025-07-21 15:00:00', '', NULL, 'approved', NULL, '2025-07-17 13:36:47', '2025-07-17 13:36:47'),
(111, 61, 1, 'อบรมธรรมมะนักเรียน', 'ฝ่านกิจการนักเรียน', '0616159096', 300, '2025-08-26 08:30:00', '2025-08-27 16:30:00', '', NULL, 'approved', NULL, '2025-07-18 08:19:05', '2025-07-18 08:19:05'),
(112, 28, 2, 'ประชุมคณะทำงาน ITA 2568', 'งานควบคุมภายใน ฝ่ายบริหารงบประมาณ', '0906848593', 15, '2025-07-21 15:00:00', '2025-07-21 16:30:00', 'จัดโต๊ะประชุมเป็นรูปตัว U จำนวน 15 ที่นั่ง', NULL, 'approved', NULL, '2025-07-18 10:31:01', '2025-07-18 10:31:01'),
(113, 26, 1, 'อบรม Students Smart ฉลาดใช้ Digital', 'วิชาการ', '0871733641', 200, '2025-08-07 08:00:00', '2025-08-07 16:00:00', '', NULL, 'approved', NULL, '2025-07-19 11:48:36', '2025-07-19 11:48:36'),
(114, 14, 3, 'ติวกฎหมาย', 'สังคมศึกษา', '0946134282', 10, '2025-07-24 15:30:00', '2025-07-24 16:30:00', '', NULL, 'approved', NULL, '2025-07-21 08:58:23', '2025-07-21 08:58:23'),
(115, 14, 3, 'ติวกฎหมาย', 'สังคมศึกษา', '0946134282', 10, '2025-07-28 15:30:00', '2025-07-28 16:30:00', '', NULL, 'approved', NULL, '2025-07-21 08:59:35', '2025-07-21 08:59:35'),
(116, 14, 3, 'ติวกฏหมาย', 'สังคมศึกษา', '0946134282', 10, '2025-07-29 15:30:00', '2025-07-29 16:30:00', '', NULL, 'approved', NULL, '2025-07-21 09:00:23', '2025-07-21 09:00:23'),
(117, 14, 3, 'ติวกฏหมาย', 'สังคมศึกษา', '0946134282', 10, '2025-07-31 15:30:00', '2025-07-31 16:30:00', '', NULL, 'approved', NULL, '2025-07-21 09:01:42', '2025-07-21 09:01:42'),
(118, 14, 3, 'ติวกฏหมาย ', 'สังคมศึกษา', '0946134282', 10, '2025-08-04 15:30:00', '2025-08-04 16:30:00', '', NULL, 'approved', NULL, '2025-07-21 09:02:35', '2025-07-21 09:02:35'),
(119, 14, 3, 'ติวกฏหมาย', 'สังคมศึกษา', '0946134282', 10, '2025-08-05 15:30:00', '2025-08-05 16:30:00', '', NULL, 'approved', NULL, '2025-07-21 09:03:25', '2025-07-21 09:03:25'),
(120, 14, 3, 'ติวกฏหมาย', 'สังคมศึกษา', '0946134282', 10, '2025-08-06 15:30:00', '2025-08-06 16:30:00', '', NULL, 'approved', NULL, '2025-07-21 09:04:26', '2025-07-21 09:04:26'),
(122, 15, 1, 'โรคติดต่อทางเพศสัมพันธ์', 'งานอนามัยโรงเรียน', '0865911275', 500, '2025-08-25 15:00:00', '2025-08-25 16:00:00', '', NULL, 'approved', NULL, '2025-07-22 07:27:30', '2025-07-22 07:27:30'),
(123, 30, 3, 'เซนต์สัญญา MOU กับสถาบันสอนภาษาญี่ปุ่น ATP', 'แนะแนว', '0956340641', 10, '2025-07-31 13:00:00', '2025-07-31 14:00:00', '', NULL, 'approved', NULL, '2025-07-22 10:33:07', '2025-07-22 10:33:07'),
(124, 18, 3, 'ระเบียบการแต่งกายและคะแนนความประพฤติ', 'ฝ่ายบริหารกิจการนักเรียน', '0966635822', 10, '2025-07-25 14:00:00', '2025-07-25 16:00:00', '', NULL, 'approved', NULL, '2025-07-23 02:18:14', '2025-07-23 02:18:14'),
(125, 30, 1, 'แนะแนวจากสถาบันการจัดการปัญญาภิวัฒน์', 'แนะแนว', '0956340641', 300, '2025-09-10 15:10:00', '2025-09-10 16:00:00', '', NULL, 'approved', NULL, '2025-07-23 04:02:52', '2025-07-23 04:02:52'),
(126, 30, 1, 'แนะแนวจากมหาวิทยาลัยศรีปทุม', 'แนะแนว', '0956340641', 300, '2025-09-17 15:10:00', '2025-09-17 16:00:00', '', NULL, 'approved', NULL, '2025-07-23 04:04:36', '2025-07-23 04:04:36'),
(128, 25, 1, 'อบรมครูในด้านการวัดและประเมินผล', 'บริหารวิชาการ', '0866809869', 100, '2025-08-08 12:00:00', '2025-08-08 16:00:00', 'จัดรูปแบบอบรมแยกโต๊ะ ใช้โต๊ะ 50 ตัว  เก้าอี้ 100 ตัว', NULL, 'approved', NULL, '2025-07-24 09:11:40', '2025-07-24 09:11:40'),
(129, 26, 3, 'นิเทติดตามจากเขตพื้นที่', 'วิชาการ', '0871733641', 20, '2025-07-29 08:00:00', '2025-07-29 10:30:00', '', NULL, 'approved', NULL, '2025-07-25 04:07:47', '2025-07-25 04:07:47'),
(130, 47, 1, 'ติวรอบ PORT + TGAT/TPAT', 'บริหารงานวิชาการ', '0842585559', 500, '2025-09-15 08:30:00', '2025-09-16 16:00:00', 'ห้องติว', NULL, 'approved', NULL, '2025-07-25 08:18:49', '2025-07-25 08:18:49'),
(132, 21, 2, 'จัดกิจกรรมWord Hurt คำพูดทำร้ายได้', 'แนะแนว', '0918428420', 60, '2025-08-29 00:15:00', '2025-08-29 14:14:00', '', NULL, 'approved', NULL, '2025-07-29 04:15:26', '2025-07-29 04:15:26'),
(133, 26, 1, 'ประชุมครู', 'งานบุคคล', '0871733641', 120, '2025-08-22 13:00:00', '2025-08-22 16:00:00', '', NULL, 'approved', NULL, '2025-07-29 04:34:57', '2025-07-29 04:34:57'),
(134, 14, 3, 'ติวกฏหมาย', 'สังคมศึกษา', '0946134281', 10, '2025-07-30 13:00:00', '2025-07-30 16:30:00', '', NULL, 'approved', NULL, '2025-07-29 09:31:40', '2025-07-29 09:31:40'),
(135, 47, 1, 'แนะนำเรื่องการทำพอร์ต', 'งานแนว ฝ่ายบริหารงานวิชาการ ', '0842585559', 600, '2025-08-04 15:10:00', '2025-08-04 16:00:00', 'โต๊ะสำหรับวิทยากร นักเรียนนั่งพื้น', NULL, 'approved', NULL, '2025-07-30 08:53:42', '2025-07-30 08:53:42'),
(136, 47, 1, 'แนะนำเรื่องการทำพอร์ต', 'งานแนะแนว ฝ่ายบริหารงานวิชาการ ', '0842585559', 500, '2025-08-05 15:10:00', '2025-08-05 16:00:00', 'โต๊ะสำหรับวิทยากร นักเรียนนั่งพื้น', NULL, 'approved', NULL, '2025-07-30 08:55:13', '2025-07-30 08:55:13'),
(137, 21, 2, 'จัดการเรียนชุมนุมฮีลใจไปกับYC นักเรียนเพื่อที่ปรึกษา', 'แนะแนว', '0918428420', 60, '2025-08-08 12:40:00', '2025-08-08 14:20:00', '', NULL, 'approved', NULL, '2025-07-30 12:18:50', '2025-07-30 12:18:50'),
(138, 21, 2, 'จัดการเรียนชุมนุมฮีลใจไปกับYC นักเรียนเพื่อที่ปรึกษา', 'แนะแนว', '0918428420', 60, '2025-08-15 12:40:00', '2025-08-15 14:20:00', '', NULL, 'approved', NULL, '2025-07-30 12:22:55', '2025-07-30 12:22:55'),
(139, 21, 2, 'จัดการเรียนชุมนุมฮีลใจไปกับYC นักเรียนเพื่อที่ปรึกษา', 'แนะแนว', '0918428420', 60, '2025-09-12 12:40:00', '2025-09-12 14:20:00', '', NULL, 'approved', NULL, '2025-07-30 12:25:17', '2025-07-30 12:25:17'),
(140, 73, 1, 'ฝึกซ้อมการแข่งขันชิงถ้วยพระราชทานฯ 2568', 'กลุ่มสาระการเรียนรู้ศิลปะ : สาระนาฏศิลป์', '0813793066', 30, '2025-08-02 08:00:00', '2025-08-02 17:30:00', '', NULL, 'approved', NULL, '2025-07-30 15:33:57', '2025-07-30 15:33:57'),
(141, 8, 1, 'วันสถาปนา สมาคม ส.บ.ม.ท พิษณุโลก', 'ผู้อำนวยการ', '0992415525', 70, '2025-09-12 08:00:00', '2025-09-12 12:00:00', 'มีจัดพิธีพระและขอจัดสถานที่สำหรับวางโต๊ะจีน 8 โต๊ะ', NULL, 'approved', NULL, '2025-08-06 05:27:36', '2025-08-06 05:30:37'),
(143, 29, 3, 'ประเมินผลการปฏิบัติงาน (PA)', 'บุคคล', '0633286999', 30, '2025-09-04 08:00:00', '2025-09-04 16:00:00', '', NULL, 'approved', NULL, '2025-08-06 06:02:35', '2025-08-06 06:02:35'),
(148, 14, 3, 'ติวกฎหมาย', 'สังคมศึกษา', '0946134282', 10, '2025-08-13 15:30:00', '2025-08-13 16:30:00', '', NULL, 'approved', NULL, '2025-08-07 06:44:54', '2025-08-07 06:44:54'),
(149, 14, 3, 'ติวกฎหมาย', 'สังคมศึกษา', '0946134282', 10, '2025-08-14 15:30:00', '2025-08-14 16:30:00', '', NULL, 'approved', NULL, '2025-08-07 06:48:55', '2025-08-07 06:48:55'),
(150, 14, 3, 'ติวกฎหมาย', 'สังคมศึกษา', '0946134282', 10, '2025-08-15 13:00:00', '2025-08-15 16:30:00', '', NULL, 'approved', NULL, '2025-08-07 06:49:59', '2025-08-07 06:49:59'),
(151, 14, 3, 'ติวกฎหมาย', 'สังคมศึกษา', '0946134282', 10, '2025-08-18 15:30:00', '2025-08-18 16:30:00', '', NULL, 'approved', NULL, '2025-08-07 06:50:48', '2025-08-07 06:50:48'),
(152, 14, 3, 'ติวกฎหมาย', 'สังคมศึกษา', '0946134282', 10, '2025-08-19 15:30:00', '2025-08-19 16:30:00', '', NULL, 'approved', NULL, '2025-08-07 06:51:24', '2025-08-07 06:51:24'),
(154, 14, 3, 'ติวกฎหมาย', 'สังคมศึกษา', '0946134282', 10, '2025-08-21 15:30:00', '2025-08-21 16:30:00', '', NULL, 'approved', NULL, '2025-08-07 06:52:52', '2025-08-07 06:52:52'),
(155, 14, 3, 'ติวกฎหมาย', 'สังคมศึกษา', '0946134282', 10, '2025-08-22 13:00:00', '2025-08-22 16:30:00', '', NULL, 'approved', NULL, '2025-08-07 06:53:30', '2025-08-07 06:53:30'),
(156, 29, 3, 'ประเมินผลการปฏิบัติงาน (ครูอัตราจ้าง)', 'บุคคล', '0633286999', 20, '2025-09-10 08:30:00', '2025-09-10 16:00:00', '', NULL, 'approved', NULL, '2025-08-07 08:27:18', '2025-08-07 08:27:18'),
(157, 29, 3, 'ประเมินผลการปฏิบัติงาน (PA)', 'บุคคล', '0633286999', 15, '2025-09-03 08:30:00', '2025-09-03 16:00:00', '', NULL, 'approved', NULL, '2025-08-07 08:28:37', '2025-08-07 08:28:37'),
(158, 29, 3, 'ประเมินผลการปฏิบัติงาน (PA)', 'บุคคล', '0633286999', 20, '2025-09-05 08:30:00', '2025-09-05 16:00:00', '', NULL, 'approved', NULL, '2025-08-07 08:29:20', '2025-08-07 08:29:20'),
(159, 29, 3, 'ประเมินผลการปฏิบัติงาน (PA)', 'บุคคล', '0633286999', 20, '2025-09-08 08:30:00', '2025-09-08 16:00:00', '', NULL, 'approved', NULL, '2025-08-07 08:30:07', '2025-08-07 08:30:07'),
(160, 29, 3, 'ประเมินผลการปฏิบัติงาน (PA)', 'บุคคล', '0633286999', 20, '2025-09-09 08:30:00', '2025-09-09 16:00:00', '', NULL, 'approved', NULL, '2025-08-07 08:30:53', '2025-08-07 08:30:53'),
(163, 73, 1, 'ฝึกซ้อมการแข่งขันชิงถ้วยพระราชทานฯ 2568', 'กลุ่มสาระการเรียนรู้ศิลปะ : นาฏศิลป์', '0813793066', 30, '2025-08-09 08:30:00', '2025-08-10 17:30:00', 'ใช้พื้นที่บริเวณหน้าเวที พื้นที่โล่ง ไม่ใช้โต๊ะและเก้าอี้\r\nระยะเวลาที่ใช้ 08.30 - 17.30 น. ของแต่ละวัน', NULL, 'approved', NULL, '2025-08-07 11:08:01', '2025-08-07 11:08:01'),
(164, 73, 1, 'ฝึกซ้อมการแข่งขันชิงถ้วยพระราชทานฯ 2568', 'กลุ่มสาระการเรียนรู้ศิลปะ : นาฏศิลป์', '0813793066', 30, '2025-08-16 08:30:00', '2025-08-17 17:30:00', 'ใช้พื้นที่บริเวณหน้าเวที พื้นที่โล่ง ไม่ใช้โต๊ะและเก้าอี้\r\nใช้เวลาฝึกซ้อม ตั้งแต่ 08.30 - 17.30 น. ของแต่ละวัน', NULL, 'approved', NULL, '2025-08-07 11:09:57', '2025-08-07 11:09:57'),
(165, 26, 1, 'ประชุม การตัดต่อภาพและวิดีโอ ของนักเรียน', 'วิชาการ', '0871733641', 160, '2025-09-13 08:00:00', '2025-09-13 16:00:00', 'จัดโต๊ะ 10 กลุ่มนั่งกลุ่มละ 5 คน', NULL, 'approved', NULL, '2025-08-08 07:03:22', '2025-08-08 07:03:22'),
(166, 44, 3, 'จำลองการเจรจาเวทีระหว่างประเทศ วิชาความสัมพันธ์ระหว่างประเทศ', 'สังคมศึกษา', '0625793322', 32, '2025-08-18 14:00:00', '2025-08-18 15:10:00', '', NULL, 'approved', NULL, '2025-08-14 05:56:09', '2025-08-14 05:56:09'),
(167, 18, 2, 'ประชุมเตรียมความพร้อมการจัดงานทำบุญสมาคมผู้บริหาร', 'ฝ่ายบริหารกิจการนักเรียน', '0966635822', 15, '2025-08-15 15:30:00', '2025-08-15 16:30:00', '', NULL, 'approved', NULL, '2025-08-14 06:29:28', '2025-08-14 06:29:28'),
(168, 14, 3, 'ปัจฉิมนักศึก', 'วิชาการ', '0946134282', 20, '2025-09-29 09:00:00', '2025-09-29 13:00:00', '', NULL, 'approved', NULL, '2025-08-14 09:00:00', '2025-08-14 09:00:00'),
(169, 27, 2, 'เก็บตัวอย่างจิตวิทยาให้คำปรึกษา', 'สังคมศึกษา', '0869318880', 6, '2025-08-22 13:00:00', '2025-08-22 15:30:00', '', NULL, 'approved', NULL, '2025-08-18 07:58:20', '2025-08-18 07:58:20'),
(170, 27, 4, 'เก็บตัวอย่างจิตวิทยาให้คำปรึกษา', 'สังคมศึกษา', '0869318880', 4, '2025-08-22 13:00:00', '2025-08-22 15:30:00', '', NULL, 'approved', NULL, '2025-08-18 08:00:42', '2025-08-18 08:00:42'),
(171, 27, 7, 'เก็บตัวอย่างจิตวิทยาให้คำปรึกษา', 'สังคมศึกษา', '0869318880', 2, '2025-08-22 13:00:00', '2025-08-22 15:30:00', '', NULL, 'approved', NULL, '2025-08-18 08:01:40', '2025-08-18 08:01:40'),
(172, 27, 4, 'เก็บตัวอย่างจิตวิทยาให้คำปรึกษา', 'สังคมศึกษา', '0869318880', 4, '2025-08-29 13:00:00', '2025-08-29 15:30:00', '', NULL, 'approved', NULL, '2025-08-18 08:03:34', '2025-08-18 08:03:34'),
(174, 27, 7, 'เก็บตัวอย่างจิตวิทยาให้คำปรึกษา', 'สังคมศึกษา', '0869318880', 2, '2025-08-29 13:00:00', '2025-08-29 15:30:00', '', NULL, 'approved', NULL, '2025-08-18 08:04:16', '2025-08-18 08:04:16'),
(175, 27, 3, 'เก็บตัวอย่างจิตวิทยาให้คำปรึกษา', 'สังคมศึกษา', '0869318880', 4, '2025-08-29 13:00:00', '2025-08-29 15:31:00', '', NULL, 'approved', NULL, '2025-08-18 08:05:02', '2025-08-18 08:05:02'),
(176, 26, 2, 'รับเสื้อห้องวิศวกรรม', 'วิชาการ', '0871733641', 115, '2025-08-22 08:30:00', '2025-08-22 09:20:00', 'จัดแต่เก้าอี้แดง จำนวน 115 ตัว', NULL, 'approved', NULL, '2025-08-18 10:28:02', '2025-08-18 10:28:02'),
(177, 14, 3, 'ติวกฎหมาย', 'สังคมศึกษา', '0946134282', 6, '2025-08-20 15:30:00', '2025-08-20 16:30:00', '', NULL, 'approved', NULL, '2025-08-19 02:17:11', '2025-08-19 02:17:11'),
(179, 14, 3, 'จัดกิจกรรมการเรียนการสอนวิชาประวัติศาสเอเชียตะวันออกเฉียงใต้และกฎหมายแพ่ง', 'สังคมศึกษา', '0946134282', 33, '2025-08-21 13:30:00', '2025-08-21 14:30:00', '', NULL, 'approved', NULL, '2025-08-19 03:21:31', '2025-08-19 03:21:31'),
(180, 61, 2, 'อบรมเศรษฐศาสตร์ในชีวิตประจำวัน', 'งานทั่วไป', '0616159096​', 60, '2025-08-25 08:16:00', '2025-08-25 16:30:00', 'โต๊ะประชุมหน้าขาว 30 ชุด โต๊ะ 60 ตัว', NULL, 'approved', NULL, '2025-08-22 03:17:38', '2025-08-22 03:17:38'),
(181, 82, 6, 'อบรมเตรียมความพร้อมสู่รั้วมหาวิทยาลัย', 'กลุ่มสาระสังคม (นิติศาสตร์รัฐศาสตร์)', '0875713706', 35, '2025-08-29 12:00:00', '2025-08-29 16:00:00', '', NULL, 'approved', NULL, '2025-08-22 08:46:35', '2025-08-22 08:46:35'),
(182, 83, 2, 'ประกวดโครงงาน', 'หลักสูตรมาตรฐานสากล (วิชา is)', '0953095401', 45, '2025-09-19 12:00:00', '2025-09-19 17:00:00', 'โต๊ะ 15 ตัว\r\nเก้าอี้ 45 ตัว', NULL, 'approved', NULL, '2025-08-24 06:26:37', '2025-08-24 06:26:37'),
(183, 28, 3, 'ประชุมซักซ้อมระบบสรุปผลการประเมินและเตรียมความพร้อมและพัฒนาอย่างเข้ม', 'ฝ่ายบริหารงานบุคคล', '0906848593', 5, '2025-08-28 13:00:00', '2025-08-28 16:00:00', 'ช่วยตั้งค่าระบบ Conference ', NULL, 'approved', NULL, '2025-08-25 09:10:11', '2025-08-25 09:10:11'),
(184, 26, 3, 'ประชุมวิชาการ', 'วิชาการ', '0871733641', 20, '2025-08-28 08:00:00', '2025-08-28 08:30:00', '', NULL, 'approved', NULL, '2025-08-27 05:21:28', '2025-08-27 05:21:28'),
(185, 30, 2, 'เก็บข้อมูลการให้คำปรึกษา', 'แนะแนว', '0956340641', 15, '2025-08-29 14:30:00', '2025-08-29 16:00:00', '', NULL, 'approved', NULL, '2025-08-27 08:30:52', '2025-08-27 08:30:52'),
(186, 29, 3, 'ประเมินผลการปฏิบัติงาน (ลูกจ้างชั่วคราว)', 'บุคคล', '0633286999', 30, '2025-09-25 08:30:00', '2025-09-25 16:30:00', '', NULL, 'approved', NULL, '2025-08-28 01:41:58', '2025-08-28 01:41:58'),
(188, 27, 2, 'เก็บข้อมูลจิตวิทยาให้คำปรึกษา', 'สังคมศึกษา', '0869318880', 20, '2025-09-03 13:00:00', '2025-09-03 15:30:00', '', NULL, 'approved', NULL, '2025-09-01 05:41:56', '2025-09-01 05:41:56'),
(189, 27, 2, 'เก็บข้อมูลจิตวิทยา', 'สังคมศึกษา', '0869318880', 20, '2025-09-04 13:00:00', '2025-09-04 15:30:00', '', NULL, 'approved', NULL, '2025-09-01 05:43:07', '2025-09-01 05:43:07'),
(190, 14, 3, 'จัดการเรียนการสอนวิชาในแผนการเรียนนิติศาสตร์รัฐศาสตร์', 'สังคมศึกษา', '0946134282', 40, '2025-09-11 13:30:00', '2025-09-11 15:30:00', '', NULL, 'approved', NULL, '2025-09-02 07:15:29', '2025-09-02 07:15:29'),
(192, 27, 3, 'เก็บตัวอย่างจิตวิทยาให้คำปรึกษา', 'สังคมศึกษา', '0869318880', 20, '2025-09-12 13:00:00', '2025-09-12 16:59:00', '', NULL, 'approved', NULL, '2025-09-08 07:20:21', '2025-09-08 07:20:21'),
(193, 27, 4, 'เก็บตัวอย่างจิตวิทยาให้คำปรึกษา', 'สังคมศึกษา', '0869318880', 6, '2025-09-12 13:00:00', '2025-09-12 16:00:00', '', NULL, 'approved', NULL, '2025-09-08 07:21:08', '2025-09-08 07:21:08'),
(194, 88, 3, 'รับการประเมินจากคุรุสภา', 'กลุ่มสาระสังคมศึกษาฯ', '0881600384', 30, '2025-09-17 09:00:00', '2025-09-17 12:30:00', '', '68bf9693aa3582.70554194.pdf', 'approved', NULL, '2025-09-09 02:53:07', '2025-09-09 02:53:07'),
(195, 14, 3, 'จัดการเรียนการสอนในแผนการเรียนนิติศาสตร์ - รัฐศาสตร์', 'สังคมศึกษา', '0946134282', 35, '2025-09-18 13:00:00', '2025-09-18 15:10:00', '', NULL, 'approved', NULL, '2025-09-09 02:53:22', '2025-09-09 02:53:22'),
(196, 12, 4, 'จัดตารางสอน', 'บริหารวิชาการ', '0929885535', 9, '2025-09-29 08:30:00', '2025-10-08 16:00:00', 'ยกกระดานจัดตารางสอนที่ห้องฝ่ายบริการทั่วไป', NULL, 'approved', NULL, '2025-09-09 05:34:08', '2025-09-09 05:34:08'),
(197, 27, 3, 'เก็บตัวอย่างจิตวิทยาให้คำปรึกษา', 'สังคมศึกษา', '0869318880', 15, '2025-09-19 13:00:00', '2025-09-19 16:00:00', '', NULL, 'approved', NULL, '2025-09-09 07:10:19', '2025-09-09 07:10:19'),
(198, 27, 4, 'เก็บตัวอย่างจิตวิทยาให้คำปรึกษา', 'สังคมศึกษา', '0869318880', 6, '2025-09-19 13:00:00', '2025-09-19 16:00:00', '', NULL, 'approved', NULL, '2025-09-09 07:11:00', '2025-09-09 07:11:00'),
(203, 52, 1, 'กิจกรรมมุทิตาคารวะ แด่ครูผู้ให้', 'กิจกรรมมุทิตาคารวะ แด่ครูผู้ให้', '0956970657', 500, '2025-09-19 08:30:00', '2025-09-19 00:00:00', '', NULL, 'approved', NULL, '2025-09-16 01:42:42', '2025-09-16 01:42:42'),
(204, 27, 1, 'การประชุมคณะสี', '', '0869318880', 300, '2025-09-26 14:30:00', '2025-09-26 16:00:00', '', NULL, 'approved', NULL, '2025-09-16 02:25:09', '2025-09-16 02:25:09'),
(205, 29, 1, 'ประชุมคณะครูและบุคลากร', 'บุคคล', '0825916406', 120, '2025-09-30 09:00:00', '2025-09-30 09:00:00', '', NULL, 'approved', NULL, '2025-09-17 03:46:07', '2025-09-17 03:46:07'),
(206, 61, 2, 'สอบ final', '', '0616159096​', 0, '2025-09-17 16:01:00', '2025-09-18 16:00:00', '', NULL, 'approved', NULL, '2025-09-17 04:55:45', '2025-09-17 04:55:45'),
(207, 61, 1, 'กิจกรรมมอบเกียรติบัตรของเขต สพม.พล.อต', 'ฝ่ายบริหารงานทั่วไป', '0616159096​', 200, '2025-09-24 07:30:00', '2025-09-24 16:30:00', 'รอผังการจัดสถานที่จากเขต', NULL, 'approved', NULL, '2025-09-19 12:01:30', '2025-09-19 12:01:30'),
(208, 29, 3, 'ประชุมคณะกรรมการกลั่นกรองเลื่อนขั้นเงินเดือน', 'บุคคล', '0825916406', 30, '2025-09-24 13:00:00', '2025-09-24 16:00:00', '', NULL, 'approved', NULL, '2025-09-22 03:37:02', '2025-09-22 03:37:02'),
(209, 30, 1, 'แนะแนวจากมหาวิทยาลัยเกริก', 'แนะแนว', '0956340641', 400, '2025-11-19 15:00:00', '2025-11-19 16:00:00', '', NULL, 'approved', NULL, '2025-09-22 04:46:15', '2025-09-22 04:46:15'),
(210, 30, 2, 'รับสมุดบัญชีธนาคารสำหรับ กยศ.', 'แนะแนว', '0956340641', 200, '2025-09-29 08:30:00', '2025-09-29 16:00:00', 'จัดโต๊ะยาว 4-5 โต๊ะ + เก้าอี้ (สำหรับเจ้าหน้าที่ธนาคาร)\r\nเก้าอี้ (สำหรับนักเรียน)', NULL, 'approved', NULL, '2025-09-22 06:33:34', '2025-09-22 06:33:34'),
(211, 30, 2, 'ชี้แจงเรื่อง กยศ.', 'แนะแนว', '0956340641', 200, '2025-09-24 14:30:00', '2025-09-24 16:00:00', '', NULL, 'approved', NULL, '2025-09-22 06:42:56', '2025-09-22 06:42:56'),
(212, 12, 4, 'จัดตารางสอน', 'ฝ่ายบริหารวิชาการ จัดตารางสอน', '0929885535', 10, '2025-09-25 08:30:00', '2025-09-26 16:00:00', 'ยกกระดานบอร์ดจัดตาราง จากห้องบริหารทั่วไป', NULL, 'approved', NULL, '2025-09-22 08:28:22', '2025-09-22 08:28:22'),
(213, 13, 2, 'จัดสอบ เวสเทิร์น', 'งานบริการทางวิชาการ', '', 60, '2025-10-11 07:00:00', '2025-10-12 17:00:00', '', NULL, 'approved', NULL, '2025-09-26 07:13:19', '2025-09-26 07:13:19'),
(214, 14, 1, 'บรรยายพิเศษจากหัวหน้าศาลเยาวชนและครอบครัว', 'สังคมศึกษา', '0946134282', 200, '2026-01-30 13:00:00', '2026-01-30 16:00:00', '', NULL, 'approved', NULL, '2025-09-29 08:07:56', '2025-09-29 08:07:56'),
(215, 1, 2, 'อบรมหุ่นยนต์', 'ศูนย์คอมพิวเตอร์', '0896403687', 120, '2025-11-26 08:30:00', '2025-11-28 16:00:00', '', NULL, 'approved', NULL, '2025-10-02 03:32:30', '2025-10-02 03:32:30'),
(218, 65, 3, 'ประชุมครูแผนอังกฤษ', 'แผนการเรียนภาษาอังกฤษ', '0806319916', 10, '2025-10-02 12:00:00', '2025-10-02 14:00:00', '', NULL, 'approved', NULL, '2025-10-02 03:57:24', '2025-10-02 03:57:24'),
(220, 65, 1, 'Christmas Day', 'กลุ่มสาระการเรียนรู้ภาษาต่างประเทศ', '0806319916', 500, '2025-12-25 07:00:00', '2025-12-25 13:30:00', '', NULL, 'approved', NULL, '2025-10-02 04:03:57', '2025-10-02 04:03:57'),
(221, 47, 1, 'ติว TGAT-TPAT', 'บริหารงานวิชาการ', '0842585559', 500, '2025-11-27 08:38:00', '2025-11-28 16:00:00', 'จัดโต๊ะติว โต๊ะทั้งหมด', NULL, 'approved', NULL, '2025-10-02 07:39:42', '2025-10-02 07:39:42'),
(222, 65, 1, 'English Camp', 'ครูเบญจพร ดีแล้ว', '0806319916', 300, '2025-11-21 07:30:00', '2025-11-21 16:30:00', 'จัดโต๊ะขาวด้านหน้าเวที โพเดี่ยมกล่าวรายงาน กล่าวเปิด โต๊ะขาวด้านหลังหอประชุม 10 ตัว เก้าอี้สำหรับครู 20 ปลั๊กโรล  ม้วนใหญ่ 2 อัน ค่ะ', NULL, 'approved', NULL, '2025-10-02 07:42:12', '2025-10-02 07:42:12'),
(223, 27, 3, 'ประชุมฝ่ายบริหารทั่วไป', 'ฝ่ายบริหารทั่วไป', '0869318880', 30, '2025-10-08 10:00:00', '2025-10-08 12:00:00', '', NULL, 'approved', NULL, '2025-10-03 02:38:17', '2025-10-03 02:38:17'),
(226, 11, 3, 'สรุปงานงบประมาณ พัสดุ และแผนงาน', 'งบประมาณ', '0817272552', 20, '2025-10-07 10:00:00', '2025-10-07 12:00:00', '', NULL, 'approved', NULL, '2025-10-03 09:24:21', '2025-10-03 09:24:21'),
(227, 29, 3, 'ทำสัญญาจ้าง ลูกจ้างชั่วคราว', 'บุคคล', '0825916406', 45, '2025-10-09 13:00:00', '2025-10-09 16:00:00', '', NULL, 'approved', NULL, '2025-10-06 03:36:34', '2025-10-06 03:36:34'),
(228, 29, 3, 'ประชุมฝ่ายบุคคล', 'บุคคล', '0825916406', 12, '2025-10-07 13:00:00', '2025-10-07 16:00:00', '', NULL, 'approved', NULL, '2025-10-07 02:38:10', '2025-10-07 02:38:10'),
(230, 92, 2, 'จัดประชุมก่อนสอบท้องถิ่น', 'วิชาการ', '0922558897', 110, '2025-12-05 09:00:00', '2025-12-07 17:53:00', '', NULL, 'approved', NULL, '2025-10-09 10:54:01', '2025-10-09 10:54:01'),
(231, 14, 2, 'ปฐมนิเทศแผนการเรียนนิติศาสตร์', 'สังคม', '0946134282', 100, '2025-11-03 08:00:00', '2025-11-03 09:00:00', '', NULL, 'approved', NULL, '2025-10-10 08:32:55', '2025-10-10 08:32:55'),
(232, 14, 3, 'ปฐมนิเทศนิสิตฝึกประสบการณ์วิชาชีพครู', 'วิชาการ', '0946134282', 50, '2025-11-03 08:30:00', '2025-11-03 12:00:00', '', NULL, 'approved', NULL, '2025-10-17 04:15:46', '2025-10-17 04:15:46');

-- --------------------------------------------------------

--
-- Table structure for table `booking_equipments`
--

CREATE TABLE `booking_equipments` (
  `id` int NOT NULL,
  `booking_id` int NOT NULL,
  `equipment_id` int NOT NULL
) ENGINE=InnoDB DEFAULT CHARSET=utf8mb4 COLLATE=utf8mb4_general_ci;

--
-- Dumping data for table `booking_equipments`
--

INSERT INTO `booking_equipments` (`id`, `booking_id`, `equipment_id`) VALUES
(1, 1, 1),
(2, 1, 2),
(3, 1, 3),
(4, 1, 5),
(9, 3, 1),
(10, 3, 2),
(11, 3, 3),
(12, 4, 1),
(13, 4, 2),
(14, 4, 3),
(15, 4, 4),
(16, 4, 5),
(17, 4, 6),
(18, 5, 1),
(19, 5, 2),
(20, 5, 3),
(21, 5, 4),
(22, 5, 5),
(23, 6, 1),
(24, 6, 2),
(25, 6, 3),
(26, 6, 4),
(27, 6, 5),
(28, 6, 6),
(29, 7, 1),
(30, 7, 2),
(31, 7, 3),
(32, 7, 4),
(33, 7, 5),
(34, 8, 5),
(35, 2, 1),
(36, 2, 2),
(37, 2, 3),
(38, 2, 4),
(39, 9, 1),
(40, 9, 2),
(41, 9, 3),
(42, 9, 5),
(43, 10, 1),
(44, 10, 2),
(45, 10, 3),
(46, 10, 4),
(47, 10, 6),
(48, 11, 2),
(49, 11, 3),
(50, 11, 4),
(51, 11, 5),
(52, 12, 2),
(53, 12, 3),
(54, 12, 5),
(55, 13, 1),
(56, 13, 2),
(57, 13, 3),
(58, 14, 1),
(59, 14, 2),
(60, 14, 3),
(61, 14, 5),
(74, 18, 1),
(75, 18, 2),
(76, 18, 3),
(77, 19, 1),
(78, 19, 2),
(79, 19, 3),
(80, 20, 1),
(81, 20, 2),
(82, 20, 3),
(83, 20, 5),
(84, 21, 1),
(85, 21, 2),
(86, 21, 3),
(87, 21, 4),
(88, 21, 5),
(89, 21, 6),
(90, 16, 1),
(91, 16, 2),
(92, 16, 3),
(93, 16, 5),
(94, 16, 6),
(95, 22, 3),
(96, 23, 3),
(97, 25, 5),
(98, 26, 1),
(99, 26, 2),
(100, 26, 3),
(101, 26, 4),
(102, 27, 5),
(103, 28, 1),
(104, 28, 2),
(105, 28, 3),
(106, 28, 4),
(107, 28, 5),
(108, 28, 6),
(109, 29, 3),
(110, 29, 4),
(111, 30, 1),
(112, 30, 2),
(113, 30, 3),
(114, 30, 4),
(115, 30, 5),
(116, 31, 2),
(117, 31, 3),
(121, 32, 2),
(122, 32, 3),
(123, 32, 5),
(124, 33, 1),
(125, 33, 2),
(126, 33, 3),
(127, 33, 4),
(128, 33, 5),
(129, 33, 6),
(130, 34, 1),
(131, 34, 2),
(132, 34, 3),
(147, 38, 1),
(148, 38, 2),
(149, 38, 3),
(150, 38, 4),
(151, 38, 5),
(152, 38, 6),
(153, 39, 1),
(154, 39, 2),
(155, 39, 3),
(156, 40, 1),
(157, 40, 2),
(158, 40, 3),
(159, 41, 1),
(160, 41, 2),
(161, 41, 3),
(162, 41, 5),
(163, 42, 1),
(164, 42, 2),
(165, 42, 3),
(166, 42, 4),
(167, 43, 1),
(168, 43, 2),
(183, 47, 1),
(184, 47, 2),
(185, 47, 3),
(186, 49, 1),
(187, 49, 2),
(188, 49, 3),
(189, 49, 4),
(190, 49, 5),
(191, 50, 1),
(192, 51, 1),
(193, 51, 2),
(194, 51, 3),
(195, 51, 5),
(196, 51, 6),
(197, 52, 2),
(198, 52, 3),
(199, 52, 5),
(200, 53, 1),
(201, 53, 2),
(202, 53, 3),
(203, 53, 4),
(204, 53, 5),
(205, 54, 1),
(206, 54, 2),
(207, 54, 3),
(208, 54, 5),
(209, 55, 1),
(210, 55, 2),
(211, 55, 3),
(212, 55, 4),
(215, 58, 1),
(216, 58, 2),
(217, 58, 3),
(223, 60, 1),
(224, 60, 2),
(225, 60, 3),
(226, 60, 4),
(227, 61, 5),
(228, 62, 1),
(229, 62, 2),
(230, 62, 3),
(231, 62, 6),
(233, 64, 1),
(234, 64, 2),
(235, 64, 3),
(236, 64, 4),
(237, 64, 5),
(238, 64, 6),
(239, 65, 1),
(240, 65, 2),
(241, 65, 3),
(242, 65, 4),
(243, 65, 5),
(244, 65, 6),
(245, 66, 1),
(246, 66, 2),
(247, 66, 3),
(248, 66, 5),
(249, 67, 3),
(250, 68, 3),
(251, 68, 5),
(252, 69, 5),
(253, 71, 1),
(254, 71, 2),
(255, 71, 3),
(256, 71, 4),
(257, 71, 5),
(258, 72, 3),
(259, 72, 4),
(260, 73, 2),
(261, 73, 3),
(262, 74, 2),
(263, 74, 3),
(264, 75, 3),
(265, 75, 4),
(266, 76, 3),
(267, 76, 4),
(268, 77, 3),
(269, 77, 4),
(270, 78, 3),
(271, 78, 4),
(272, 79, 3),
(273, 79, 4),
(274, 80, 1),
(275, 80, 2),
(276, 80, 3),
(282, 82, 1),
(283, 82, 2),
(284, 82, 3),
(285, 82, 4),
(286, 82, 5),
(287, 83, 1),
(288, 83, 2),
(289, 83, 3),
(290, 83, 4),
(291, 83, 5),
(292, 84, 3),
(293, 85, 3),
(294, 85, 5),
(296, 87, 3),
(297, 88, 2),
(298, 88, 3),
(299, 88, 5),
(300, 89, 1),
(301, 89, 2),
(302, 89, 3),
(303, 89, 4),
(304, 89, 5),
(305, 89, 6),
(306, 86, 5),
(307, 90, 1),
(308, 90, 2),
(309, 90, 3),
(310, 90, 4),
(311, 90, 5),
(317, 92, 1),
(318, 92, 2),
(319, 92, 3),
(320, 92, 4),
(321, 92, 5),
(331, 96, 1),
(332, 96, 2),
(333, 96, 3),
(334, 97, 1),
(335, 97, 2),
(336, 97, 3),
(337, 98, 1),
(338, 98, 2),
(339, 98, 3),
(340, 98, 4),
(341, 98, 5),
(342, 98, 6),
(343, 99, 1),
(344, 99, 2),
(345, 99, 3),
(346, 99, 4),
(347, 100, 1),
(348, 100, 2),
(349, 100, 3),
(350, 100, 4),
(351, 100, 5),
(352, 101, 2),
(353, 101, 3),
(354, 101, 4),
(355, 101, 5),
(356, 102, 1),
(357, 102, 2),
(358, 102, 3),
(359, 102, 4),
(360, 102, 5),
(361, 103, 1),
(362, 103, 2),
(363, 103, 3),
(364, 104, 1),
(365, 104, 2),
(366, 104, 3),
(367, 104, 4),
(368, 104, 5),
(369, 105, 1),
(370, 105, 2),
(371, 105, 3),
(372, 105, 4),
(378, 107, 1),
(379, 107, 2),
(380, 107, 3),
(381, 108, 1),
(382, 108, 2),
(383, 108, 3),
(384, 108, 4),
(385, 109, 1),
(386, 109, 2),
(387, 109, 3),
(388, 110, 1),
(389, 110, 2),
(390, 110, 3),
(391, 110, 4),
(392, 111, 1),
(393, 111, 2),
(394, 111, 3),
(395, 111, 4),
(396, 111, 5),
(397, 111, 6),
(398, 112, 1),
(399, 112, 2),
(400, 112, 3),
(401, 112, 4),
(402, 112, 5),
(403, 112, 6),
(404, 113, 1),
(405, 113, 2),
(406, 113, 3),
(407, 113, 4),
(408, 113, 5),
(412, 123, 1),
(413, 123, 2),
(414, 123, 3),
(415, 123, 4),
(416, 124, 1),
(417, 124, 2),
(418, 124, 3),
(419, 125, 1),
(420, 125, 2),
(421, 125, 3),
(422, 126, 1),
(423, 126, 2),
(424, 126, 3),
(433, 128, 1),
(434, 128, 2),
(435, 128, 3),
(436, 128, 4),
(437, 128, 5),
(438, 129, 1),
(439, 129, 2),
(440, 129, 3),
(441, 129, 4),
(442, 129, 5),
(443, 129, 6),
(450, 130, 1),
(451, 130, 2),
(452, 130, 3),
(453, 130, 4),
(458, 132, 1),
(459, 132, 2),
(460, 132, 3),
(461, 132, 5),
(462, 133, 1),
(463, 133, 2),
(464, 133, 3),
(465, 133, 4),
(466, 133, 5),
(467, 134, 1),
(468, 134, 2),
(469, 106, 1),
(470, 106, 2),
(471, 106, 3),
(472, 106, 4),
(473, 106, 5),
(474, 135, 1),
(475, 135, 2),
(476, 135, 3),
(477, 136, 1),
(478, 136, 2),
(479, 136, 3),
(480, 137, 1),
(481, 137, 2),
(482, 137, 3),
(483, 138, 1),
(484, 138, 2),
(485, 138, 3),
(486, 139, 1),
(487, 139, 2),
(488, 139, 3),
(489, 140, 1),
(490, 140, 2),
(491, 140, 3),
(510, 141, 1),
(511, 141, 2),
(512, 141, 3),
(513, 141, 4),
(514, 141, 5),
(515, 141, 6),
(521, 143, 1),
(522, 143, 2),
(523, 143, 3),
(524, 143, 4),
(525, 143, 6),
(546, 148, 1),
(547, 148, 2),
(548, 149, 1),
(549, 149, 2),
(550, 150, 1),
(551, 150, 2),
(552, 151, 1),
(553, 151, 2),
(554, 152, 1),
(555, 152, 2),
(558, 154, 1),
(559, 154, 2),
(560, 155, 1),
(561, 155, 2),
(562, 156, 1),
(563, 156, 2),
(564, 156, 3),
(565, 156, 4),
(566, 156, 6),
(567, 157, 1),
(568, 157, 2),
(569, 157, 3),
(570, 157, 4),
(571, 157, 6),
(572, 158, 1),
(573, 158, 2),
(574, 158, 3),
(575, 158, 4),
(576, 158, 6),
(577, 159, 1),
(578, 159, 2),
(579, 159, 3),
(580, 159, 4),
(581, 159, 6),
(582, 160, 1),
(583, 160, 2),
(584, 160, 3),
(585, 160, 4),
(586, 160, 6),
(593, 163, 1),
(594, 163, 2),
(595, 163, 3),
(596, 164, 1),
(597, 164, 2),
(598, 164, 3),
(599, 165, 1),
(600, 165, 2),
(601, 165, 3),
(602, 165, 4),
(603, 165, 5),
(604, 166, 1),
(605, 166, 2),
(606, 166, 3),
(607, 167, 1),
(608, 167, 2),
(609, 167, 3),
(610, 168, 1),
(611, 168, 2),
(612, 168, 3),
(613, 168, 4),
(614, 168, 5),
(615, 168, 6),
(622, 176, 1),
(623, 176, 2),
(624, 176, 3),
(625, 176, 4),
(626, 176, 5),
(627, 177, 1),
(628, 177, 2),
(631, 179, 1),
(632, 179, 2),
(633, 180, 1),
(634, 180, 2),
(635, 180, 3),
(636, 180, 4),
(637, 180, 5),
(638, 181, 1),
(639, 181, 2),
(640, 181, 3),
(641, 182, 2),
(642, 182, 3),
(643, 182, 4),
(644, 182, 5),
(645, 183, 1),
(646, 183, 2),
(647, 183, 3),
(648, 183, 4),
(649, 183, 5),
(650, 184, 1),
(651, 184, 2),
(652, 184, 3),
(653, 184, 4),
(654, 186, 1),
(655, 186, 2),
(656, 186, 3),
(657, 186, 4),
(658, 186, 5),
(664, 190, 1),
(665, 190, 2),
(670, 194, 1),
(671, 194, 2),
(672, 194, 3),
(673, 194, 4),
(674, 194, 5),
(675, 194, 6),
(676, 195, 1),
(677, 195, 2),
(678, 195, 3),
(679, 196, 5),
(694, 203, 1),
(695, 203, 2),
(696, 203, 3),
(697, 203, 4),
(698, 203, 5),
(699, 205, 1),
(700, 205, 2),
(701, 205, 3),
(702, 205, 4),
(703, 205, 5),
(704, 205, 6),
(705, 207, 1),
(706, 207, 2),
(707, 207, 3),
(708, 207, 4),
(709, 207, 5),
(710, 207, 6),
(711, 208, 1),
(712, 208, 2),
(713, 208, 3),
(714, 208, 4),
(715, 208, 5),
(716, 209, 1),
(717, 209, 2),
(718, 209, 3),
(719, 210, 5),
(720, 211, 2),
(721, 211, 3),
(722, 212, 5),
(723, 213, 5),
(724, 214, 1),
(725, 214, 2),
(726, 214, 3),
(727, 214, 4),
(728, 215, 1),
(729, 215, 2),
(730, 215, 3),
(731, 215, 4),
(732, 215, 5),
(743, 218, 3),
(748, 220, 1),
(749, 220, 2),
(750, 220, 3),
(751, 220, 4),
(752, 221, 1),
(753, 221, 2),
(754, 221, 3),
(755, 221, 5),
(756, 222, 1),
(757, 222, 2),
(758, 222, 3),
(759, 222, 4),
(760, 223, 1),
(761, 223, 3),
(765, 226, 1),
(766, 226, 2),
(767, 226, 3),
(768, 226, 4),
(769, 227, 1),
(770, 227, 2),
(771, 227, 3),
(772, 227, 4),
(773, 227, 5),
(774, 228, 1),
(775, 228, 2),
(776, 228, 3),
(777, 228, 4),
(780, 230, 1),
(781, 230, 2),
(782, 230, 3),
(783, 230, 4),
(784, 230, 5),
(785, 232, 1),
(786, 232, 2),
(787, 232, 3),
(788, 232, 4),
(789, 232, 5),
(790, 232, 6);

-- --------------------------------------------------------

--
-- Table structure for table `equipments`
--

CREATE TABLE `equipments` (
  `id` int NOT NULL,
  `name` varchar(255) CHARACTER SET utf8mb4 COLLATE utf8mb4_general_ci NOT NULL,
  `description` text CHARACTER SET utf8mb4 COLLATE utf8mb4_general_ci,
  `created_at` timestamp NOT NULL DEFAULT CURRENT_TIMESTAMP,
  `updated_at` timestamp NOT NULL DEFAULT CURRENT_TIMESTAMP ON UPDATE CURRENT_TIMESTAMP
) ENGINE=InnoDB DEFAULT CHARSET=utf8mb4 COLLATE=utf8mb4_general_ci;

--
-- Dumping data for table `equipments`
--

INSERT INTO `equipments` (`id`, `name`, `description`, `created_at`, `updated_at`) VALUES
(1, 'คอมพิวเตอร์', '', '2025-08-28 06:58:23', '2025-08-28 06:59:31'),
(2, 'โปรเจคเตอร์', '', '2025-08-28 06:59:28', '2025-08-28 06:59:28'),
(3, 'ระบบเครื่องเสียง', '', '2025-08-28 06:59:38', '2025-08-28 06:59:38'),
(4, 'บันทึกภาพ', '', '2025-08-28 06:59:49', '2025-08-28 06:59:49'),
(5, 'จัดสถานที่', '', '2025-08-28 06:59:55', '2025-08-28 06:59:55'),
(6, 'จัดของว่าง', '', '2025-08-28 07:09:19', '2025-08-28 07:09:19');

-- --------------------------------------------------------

--
-- Table structure for table `rooms`
--

CREATE TABLE `rooms` (
  `id` int NOT NULL,
  `name` varchar(255) CHARACTER SET utf8mb4 COLLATE utf8mb4_general_ci NOT NULL,
  `capacity` int NOT NULL,
  `description` text CHARACTER SET utf8mb4 COLLATE utf8mb4_general_ci,
  `created_at` timestamp NOT NULL DEFAULT CURRENT_TIMESTAMP,
  `updated_at` timestamp NOT NULL DEFAULT CURRENT_TIMESTAMP ON UPDATE CURRENT_TIMESTAMP,
  `color` varchar(7) CHARACTER SET utf8mb4 COLLATE utf8mb4_general_ci DEFAULT '#000000'
) ENGINE=InnoDB DEFAULT CHARSET=utf8mb4 COLLATE=utf8mb4_general_ci;

--
-- Dumping data for table `rooms`
--

INSERT INTO `rooms` (`id`, `name`, `capacity`, `description`, `created_at`, `updated_at`, `color`) VALUES
(1, 'หอประชุม', 500, '1', '2025-08-28 06:17:28', '2025-08-29 08:43:45', '#ff0000'),
(2, 'ห้องโสตทัศนศึกษา 1', 100, '2', '2025-08-28 06:18:11', '2025-08-30 13:38:48', '#1975f5'),
(3, 'ห้องโสตทัศนศึกษา 2', 51, '3', '2025-08-28 06:18:24', '2025-09-01 05:27:10', '#ff7b00'),
(4, 'ห้อง A-Level', 30, 'Chrome Book จำนวน 30 เครื่อง', '2024-12-23 20:25:45', '2024-12-23 20:26:36', '#00ccff'),
(5, 'ห้องปฏิบัติการคอมพิวเตอร์ 4', 40, 'เครื่องคอมพิวเตอร์ All-in-one  40 เครื่อง', '2025-01-06 21:46:46', '2025-01-06 21:47:51', '#982abc'),
(6, 'ห้องปฏิบัติการคอมพิวเตอร์ 3', 40, 'เครื่องคอมพิวเตอร์ All-in-one 40 เครื่อง', '2025-01-06 21:49:20', '2025-01-06 21:49:20', '#96d35f'),
(7, 'ห้องประชุมฝ่าย คอมพิวเตอร์', 25, 'ห้องประชุมอาคาร 5 ชั้น 3 ', '2025-01-06 21:51:08', '2025-01-06 21:51:08', '#4e7a27'),
(8, 'ระบบเครื่องเสียงเคลื่อนที่', 1, 'ชุดเครื่องเสียงเคลื่อนที่', '2025-01-06 22:09:49', '2025-09-10 06:42:33', '#ced100');

-- --------------------------------------------------------

--
-- Table structure for table `settings`
--

CREATE TABLE `settings` (
  `setting_name` varchar(255) CHARACTER SET utf8mb4 COLLATE utf8mb4_general_ci NOT NULL,
  `setting_value` text CHARACTER SET utf8mb4 COLLATE utf8mb4_general_ci
) ENGINE=InnoDB DEFAULT CHARSET=utf8mb4 COLLATE=utf8mb4_general_ci;

--
-- Dumping data for table `settings`
--

INSERT INTO `settings` (`setting_name`, `setting_value`) VALUES
('allow_weekend_booking', '1'),
('copyright_text', '© {year} BRMS Project. All rights reserved.'),
('default_booking_status', 'approved'),
('grayscale_mode_enabled', '0'),
('min_advance_booking_days', '1'),
('public_url', 'http://192.168.165.10/brms/public'),
('sidebar_color', '#db2777'),
('site_favicon', '68b46a37762ff2.60943299.png'),
('site_logo', '68b465d8eb94a2.97082346.png'),
('site_name', 'BRMS'),
('telegram_chat_id', '-4765744081'),
('telegram_enabled', '1'),
('telegram_token', '7760198064:AAFQFHyMPNoZv99ovHp6Jl5FfSZbYN_WDtI');

-- --------------------------------------------------------

--
-- Table structure for table `users`
--

CREATE TABLE `users` (
  `id` int NOT NULL,
  `username` varchar(255) CHARACTER SET utf8mb4 COLLATE utf8mb4_general_ci NOT NULL,
  `password` varchar(255) CHARACTER SET utf8mb4 COLLATE utf8mb4_general_ci NOT NULL,
  `reset_token` varchar(255) CHARACTER SET utf8mb4 COLLATE utf8mb4_general_ci DEFAULT NULL,
  `first_name` varchar(255) CHARACTER SET utf8mb4 COLLATE utf8mb4_general_ci NOT NULL,
  `last_name` varchar(255) CHARACTER SET utf8mb4 COLLATE utf8mb4_general_ci NOT NULL,
  `email` varchar(255) CHARACTER SET utf8mb4 COLLATE utf8mb4_general_ci NOT NULL,
  `phone` varchar(20) CHARACTER SET utf8mb4 COLLATE utf8mb4_general_ci DEFAULT NULL,
  `role` enum('user','admin') CHARACTER SET utf8mb4 COLLATE utf8mb4_general_ci NOT NULL DEFAULT 'user',
  `created_at` timestamp NOT NULL DEFAULT CURRENT_TIMESTAMP,
  `updated_at` timestamp NOT NULL DEFAULT CURRENT_TIMESTAMP ON UPDATE CURRENT_TIMESTAMP
) ENGINE=InnoDB DEFAULT CHARSET=utf8mb4 COLLATE=utf8mb4_general_ci;

--
-- Dumping data for table `users`
--

INSERT INTO `users` (`id`, `username`, `password`, `reset_token`, `first_name`, `last_name`, `email`, `phone`, `role`, `created_at`, `updated_at`) VALUES
(1, 'admin', '$2y$10$VGC8bsS6KUKKM4IuBfnbb.Y5utdeARh0waQiDcarbHochHzZpYM6e', NULL, 'ผู้ดูแล', 'ระบบ', 'admin@brms.com', NULL, 'admin', '2025-08-28 03:57:28', '2025-09-02 04:53:36'),
(4, 'Edd', '$2y$10$6i4S9aBiwP7KP8PWJl4kKOOn8HKoL4OjHNld685P31qwTsuWSzthy', 'JjdncYFs8ALt5wlXM3aT', 'วีระชัย', 'จันทะเสน', 'werachai.j@tn.ac.th', '0896403687', 'admin', '2024-12-25 21:01:45', '2025-07-17 01:24:47'),
(7, 'lekhathaikan', '$2y$10$rcMOQbSQyuzpf5atIiBeV.1dig2fnOuRKpcPykgDHXTXzUxQ1skS2', NULL, 'หทัยกาญ', 'มั่นคง', 'hathaikan.m@tn.ac.th', '0882728213', 'admin', '2025-01-05 20:52:44', '2025-01-06 21:25:10'),
(8, 'memystyles', '$2y$10$4C6egE.ij8Cq3eCfkO47QukQxZgZOgkvSxnY2VwgqrS3RDxeznWDS', NULL, 'สุเมธ', 'วงศ์ละคร', 'memystyles@gmail.com', '0918623154', 'admin', '2025-01-06 21:16:47', '2025-07-25 00:18:26'),
(9, 'suppakron.1995@gmail.com', '$2y$10$MP6apCLCuburHHlFemWYNupnFkP1DSWKYEiebc11TWn585MZBQN7y', NULL, 'นายศุภกรณ์', 'เพิ่มพูล', 'Suppakron.1995@gmail.com', '0939833854', 'user', '2025-01-06 21:43:52', '2025-01-06 21:43:52'),
(10, 'suppakron.p@tn.ac.th', '$2y$10$CZJ0y9asRb17Sq0QokjMdOEuwN10XnIBTrfRZngIHh9YStEDeCK4e', NULL, 'นายศุภกรณ์', 'เพิ่มพูล', 'suppakron.p@tn.ac.th', '0939833854', 'user', '2025-01-06 21:47:31', '2025-01-06 21:47:31'),
(11, 'BOONCHU', '$2y$10$Vwlu.Ad4qVOQ1W4JC5LZTuKGvG784QOeFedvhTYZTEPB4Jr1klLtO', NULL, 'บุญชู', 'กันเกตุ', 'boonchu.k@tn.ac.th', '0817272552', 'user', '2025-01-07 00:17:05', '2025-01-07 00:17:05'),
(12, 'ภัทราพร', '$2y$10$b6UG29Bix5OR29J.yIeBou6GTxul5LydsxPOw/OieIpBS1TUnCOZi', NULL, 'ภัทราพร ', 'เวทะธรรม', 'phattara.w@tn.ac.th', '0929885535', 'user', '2025-01-07 23:21:43', '2025-01-07 23:21:43'),
(13, 'Pornpan', '$2y$10$qlUhoQjiLuaj77JOrCt68utC7V5adpTBnX5wuRHaicoMwdYlwAXby', NULL, 'นางสาวพรพรรณ', 'จันทร์วงค์', 'pornpan.j@tn.ac.th', '0875836100', 'user', '2025-01-07 23:31:05', '2025-07-01 20:26:02'),
(14, 'mansharee.w@tn.ac.th', '$2y$10$wE3BmsuJkNLyQlo9xXh7Uezig1GwP/fEUuWKKWsn5FSqpPnpeFC6e', NULL, 'Mansharee', 'Wongtang', 'mansharee.w@tn.ac.th', '0946134282', 'user', '2025-01-08 06:44:45', '2025-01-08 06:44:45'),
(15, 'Nuruk ', '$2y$10$Snc5Y02ddJdnCQ8c78d30OKRhYupvAhMZAXePc2uo2dleKDYq0wa.', NULL, 'อนุรักษ์', 'สุขเหมือน', 'anurak.s@tn.ac.th', '0865911275', 'user', '2025-01-08 08:16:47', '2025-06-23 19:49:23'),
(16, 'JINDAPORN ', '$2y$10$zvI6fLLx0QyyMvPUM3hNwevxDHsyQNwdiqUPofBF4Za8UsHRxvpZe', NULL, 'Jindaporn ', 'Chaloeypot', 'pokkrongroom@gmail.com', '0966635822', 'user', '2025-01-08 17:01:11', '2025-01-08 17:01:11'),
(18, 'jindaporn.c@tn.ac.th', '$2y$10$eFNLZ3r2EfXU1Bwo4NfIKeWV/qIL085DbfxilDKnLb7f1yUda3p6y', 'CIN2ejJJ10ZVscXjASI0', 'จินดาพร', 'เฉลยพจน์', 'jindaporn.c@tn.ac.th', '0966635822', 'user', '2025-01-08 20:22:00', '2025-03-26 21:20:35'),
(20, 'Ple', '$2y$10$JgFuPMb3B3p5Th73Uuip6u724IrXBrCVpaI4QbkT/Q6yYH8GsZc4q', NULL, 'นายฤทธิไกร', 'เงินทอง', 'rittikai102521@gmail.com', '0839544519', 'user', '2025-01-08 21:47:30', '2025-01-08 21:47:30'),
(21, '์Natkita', '$2y$10$elLyw2yVrp/ewdSgvOrCr.P/tbuVw.SyfORIfWwVNJd5oSZAhjcM2', NULL, 'ณัฐกฤตา ', 'เทียนหลง', 'tianlongnatkita@gmail.com', '0918428420', 'user', '2025-01-08 21:49:08', '2025-06-23 21:58:18'),
(22, 'เจเจบังมิด', '$2y$10$JQ.9D6uJdnbNsMuqebaoPuCNUMnI4fwUDZo3xiT7OrIsvskYStmmO', NULL, 'วรภพ', 'จันทร', 'ja.wo.rap.hop@gmail.com', '0967463596', 'user', '2025-01-08 21:49:17', '2025-01-08 21:49:17'),
(23, 'wirasinee', '$2y$10$B7zj.Mqy/G2A7O0R7Km7WOnlbNmHTa8amkq0PpJsC.Zv6.P8pB69q', 'VuQyGyjlmfA8ioC9xa1U', 'วิลาสินี', 'ยอดวงศ์', 'wirasinee.y@tn.ac.th', '0922558897', 'user', '2025-01-09 00:44:05', '2025-07-08 20:20:37'),
(24, 'Khanadontr', '$2y$10$252wccysrQnhCM9MAmCVp.WHimw9BXJR9TXH7.eLGvHKHNWoUyEWa', NULL, 'คณดนตร์', 'วาทยกุล', 'khanadontr@gmail.com', '0974542935', 'user', '2025-01-09 20:57:51', '2025-01-09 20:57:51'),
(25, 'Pradapchai', '$2y$10$cQ3byeUJnbFr/LHmQ4oncu.n0X8sj991UdNY9sCUFKoCyF9iuFJGu', NULL, 'นายประดับชัย', 'อินมณี', 'pradapchai.i@tn.ac.th', '0866809869', 'user', '2025-01-12 19:18:20', '2025-01-12 19:18:20'),
(26, 'Sugunya', '$2y$10$JPiS5EIqDhxRTS9y1DEOoeBxOOfP25z3ogKRZMJH02WYveIGwMMU.', NULL, 'นางสาวสุกัญญา', 'มงคล', 'sugunya.m@tn.ac.th', '0871733641', 'user', '2025-01-12 19:47:34', '2025-06-23 19:49:25'),
(27, 'Offza', '$2y$10$qwtIe6amLFOnxFrMC2i3fOgCzleelIlvXmZ0pzlXdXgHtokL3vXQC', NULL, 'อรรถพร', 'เอี่ยมละออ', 'attapon.a@tn.ac.th', '0869318880', 'user', '2025-01-12 21:11:09', '2025-08-18 00:56:08'),
(28, 'Thawatchai', '$2y$10$9sXRW/fAxZWiH2BEHssXB.n5VfrXWRQPZkj5UARlQuOtgN6OQDvZG', NULL, 'นายธวัชชัย', 'มายอด', 'Thawatchai.m@tn.ac.th', '0906848593', 'user', '2025-01-14 20:51:28', '2025-05-14 00:29:47'),
(29, 'chonlathit', '$2y$10$/8e8LCwZAXi3/EPQIfNaIesULVqkyo9ddfrDR2BcSeVN0WPfsDRyW', NULL, 'ชลทิตย์', 'จีนาวงษ์', 'chonlathit.j@tn.ac.th', '0825916406', 'user', '2025-01-14 20:58:30', '2025-01-14 20:58:30'),
(30, 'apinya.t@tn.ac.th', '$2y$10$onDc/btAL0eQ8892I2zOKOVW1ouW6Jk93SqpeaeXC1KeWrYTlUu6i', NULL, 'นางสาวอภิญญา', 'โทนแจ้ง', 'apinya.t@tn.ac.th', '0956340641', 'user', '2025-01-15 00:23:37', '2025-01-15 00:23:37'),
(31, 'suthasinee.S@tn.ac.th', '$2y$10$TY.LB3NLHz11QawSI83y7.IVY4aFXlpGUMv/4cJVdhu9CsX6W0aIe', NULL, 'Suthasinee', 'Sortha', 'suthasinee.S@tn.ac.th', '0884260318', 'user', '2025-01-15 01:02:09', '2025-01-15 01:02:09'),
(32, 'Chaiwat', '$2y$10$/IvpbmJhXrX9KF31MeEhp.cI.B5DUqCogRp.Jk6W/pQ/ZtT8NiMZC', NULL, 'ชัยวัฒน์ ', 'หอวรรณภากร', 'chaiwathow@yahoo.com', '0845988951', 'user', '2025-01-15 01:13:08', '2025-06-23 18:44:03'),
(37, 'prangthong.t@tn.ac.th', '$2y$10$lrlu1owSin4DbL/5oW.NNO.kqtYXyziHcK9d.VcIhKz8F4Cg0PD6K', NULL, 'นางปรางค์ทอง', 'แทบศรี', 'prangthong.t@tn.ac.th', '0865922132', 'user', '2025-03-24 19:35:04', '2025-03-24 19:35:04'),
(44, 'Panisara', '$2y$10$RqpjvGNzxKUDrzK9aOB4geRJ/mmArIX/kMK7rWrflUGUAPvTee0La', NULL, 'ปาณิสรา', 'ศรีปรางค์', 'panisara.s@tn.ac.th', '0625793322', 'user', '2025-03-26 22:22:23', '2025-03-26 22:22:23'),
(45, '์Nuttakul', '$2y$10$e07w/8Mfl3zPkUoeI7hQR.RYCgsgU87z4Xre2a98FJTbQtRBUMqxi', NULL, 'ณัฐกุล', 'พิมพา', 'nuttakul.p@tn.ac.th', '0848121168', 'user', '2025-04-21 03:18:15', '2025-04-21 03:18:15'),
(47, 'chfoam', '$2y$10$cbf2A5E.CXaD0WCG3HA6a.H.F5g2WDrlLSEkUEnogVoRW03i7687.', NULL, 'ชญานิน', 'พลอินต๊ะ', 'chayanin63@gmail.com', '0842585559', 'user', '2025-05-12 19:14:52', '2025-05-12 19:14:52'),
(51, 'phanphasa_1212', '$2y$10$sS3168oQ9M8lVlFGPrDBzeEH9PUSX1AEeYF6tiD.BfaH26uXmtJt.', NULL, 'พรรพษา', 'ออมสิน', 'phanphasa.a@tn.ac.th', '0881633110', 'user', '2025-05-19 19:31:33', '2025-05-19 19:31:33'),
(52, 'sittikarn.p@tn.ac.th', '$2y$10$OhZtsNM9Kaagq0v2uEyMwud8yYLfCLafoVkGPS1Yf8GdMZjDEnf3G', NULL, 'สิทธิกาญจน์', 'พิทยากิต', 'sittikarn.p@tn.ac.th', '0956970657', 'user', '2025-05-20 02:29:38', '2025-05-20 02:29:38'),
(53, 'Korranit', '$2y$10$b1XZviqxP.mD4dtBwxn4iehIswasde1YFpJtPwCgf692GnnYW2Gvy', NULL, 'กรณิศ', 'วงศ์เศรษฐภูษิต', 'nam66633@gmail.com', '0850515019', 'user', '2025-06-01 06:48:06', '2025-07-05 22:59:48'),
(54, 'kitiya', '$2y$10$IfkEBkuErD5Of2lv4EdbCO6uI0kARPd39XSzLivxyIrrb4MCkH3Eq', NULL, 'กิติยา ', 'ปราบจินดา', 'kitiya.p@tn.ac.th', '0993106265', 'user', '2025-06-04 05:31:40', '2025-07-11 18:40:54'),
(55, 'Ubonwan', '$2y$10$ZLS8BxT/2Br.Lak3BsnjBuT4DwMX05hStJoMqw9X45BZwq2zn9JVS', NULL, 'อุบลวรรณ', 'ลือชา', 'ubonwananan@gmail.com', '0982959593', 'user', '2025-06-04 18:43:18', '2025-06-27 01:51:56'),
(56, 'SRK', '$2y$10$bN6MbA51BzghIyegSUT7lu0to8lNq5yblWo/p2T5Ovh0lv5SplCCq', NULL, 'นางสิริกาญจน์', 'เพชรจรูญ', 'sirikarn.k@tn.ac.th', '0612671881', 'user', '2025-06-04 21:07:56', '2025-06-04 21:07:56'),
(60, 'atchara.j', '$2y$10$njqhF68WdVV3Vv3tVfFJY.myl1inFUUpL3lL1X.AhHLacEWwzirGS', NULL, 'อัจฉรา', 'จันทร์แจ่มแจ้ง', 'atchara.j@tn.ac.th', '0822169478', 'user', '2025-06-16 19:25:48', '2025-06-16 19:25:48'),
(61, 'saowarot', '$2y$10$M5HzU5NylpOhWEhziv6hiuLwKD5a0gIfmPN93L.5lhQHIguOFv1Ya', 'ohYMY7GCbHuQBr6q7uIL', 'mangpor', 'mokmek', 'saowarot.m@tn.ac.th', '0616159096', 'user', '2025-06-18 23:29:02', '2025-08-18 01:00:18'),
(62, 'Moamay534', '$2y$10$xQolluf45ZKC0PGOSCDbauj1bd/Rb2cPKDV4pknz7VVHpt/wgcn6K', NULL, 'พัชราพร', 'มิญชรัตน์', 'natee.susu@gmail.com', '0881508205', 'user', '2025-06-20 00:22:53', '2025-08-23 23:22:03'),
(64, 'Kunjanaporn', '$2y$10$kqnoxtwhdJF.PKfCpOt/ve122ssSFGbGMMn1aQ/jcVYRMjEoqgdza', NULL, 'กัญจนพร', 'แจ่มอยู่', 'kunjanaporn.j@tn.ac.th', '0623516326', 'user', '2025-06-21 02:49:57', '2025-06-21 02:49:57'),
(65, 'Benchaphorn', '$2y$10$YHPAU76eIJDp5j54QmjGd.Cy2fp62HwUKn2oE8Oxnm./AGNiMAAda', NULL, 'เบญจพร', 'ดีแล้ว', 'bencha.d@tn.ac.th', '0806319916', 'user', '2025-06-23 23:35:38', '2025-10-02 03:26:58'),
(68, 'supakarn.c', '$2y$10$o4nMWhx52VUT1lVNDJXvGu33N3SmbKe2BrVkRhMbzZvaG7BDkwfVG', NULL, 'ศุภกานต์ ', 'ช่วงบุญศรี', 'supakarn.parn@gmail.com', '0814747471', 'user', '2025-07-03 19:32:20', '2025-07-03 19:32:20'),
(70, 'chaiyadech.n', '$2y$10$EJ0VJSmnqneZgmOMPKUtK.J4nyZXqY3/aBiiMcI42ZStNM3nyl1Dy', NULL, 'ไชยเดช', 'นูนคาน', 'chaiyadech.n@tn.ac.th', '0817070370', 'user', '2025-07-08 19:05:27', '2025-07-08 19:05:27'),
(73, 'khanuengnit.s', '$2y$10$tnEFfi2F4qZteu2iZkIWHOYjsXkVOVHhTsYGqV3xWL97EnmUf9js.', NULL, 'คนึงนิตย์', 'สวยงาม', 'khanuengnit.s@tn.ac.th', '0813793066', 'user', '2025-07-28 08:26:36', '2025-08-11 09:45:54'),
(74, 'Napawan', '$2y$10$AhB/QJy9vL/LQj9YR6rgPeDKaWhzQ4DUnyjuysNkjOPX8mxXoFiDC', NULL, 'นภาวรรณ', 'เพ็งสี', 'napawan.p@tn.ac.th', '0992675493', 'user', '2025-08-05 23:50:34', '2025-08-05 23:50:34'),
(82, 'Suthamat', '$2y$10$PwLxIdXEM9sZaA0f7ED0q.7.krWndD.MzLZGt6Bko3VglvdEGxTzm', NULL, 'สุฑามาศ', 'เดชห้วยไผ่', 'suthamat.n@tn.ac.th', '0875713706', 'user', '2025-08-22 01:44:26', '2025-08-22 01:44:26'),
(83, 'suwimon.b', '$2y$10$xUqqvWVu6UA6moDHlq8KaejVwFdkhDbYawiGfwG1LAnJkmTtugdTG', NULL, 'สุวิมล', 'บานแย้ม', 'suwimon.b@tn.ac.th', '0824106781', 'user', '2025-08-23 23:22:02', '2025-08-23 23:22:02'),
(87, 'test@brms.com', '$2y$10$IZNzcQjV.7uaUbt4SVHU0OjEdi7wkdf5CvAPcpLnsJM9on1IwJUSq', NULL, 'ทดสอบ11', 'ระบบ', 'test@brms.com', NULL, 'user', '2025-08-30 14:54:23', '2025-09-02 04:17:05'),
(88, 'putmaster', '$2y$10$KvzQuk9lBq25vNqnL1PuSeNihfndvEPizLvh37fjaydIzi9kz0TUq', NULL, 'วัชรพุทธิ์', 'เกตุเทศ', 'watcharaput.k@tn.ac.th', NULL, 'user', '2025-09-09 02:50:38', '2025-09-09 02:50:38'),
(89, 'kanya', '$2y$10$bNkSwxa1sGuRvJZstH34b.LNOFVpmv5l3gtR5k3n0tfWfSUBjLiu6', NULL, 'kanya', 'i', 'kanya.i@wtp.ac.th', NULL, 'user', '2025-09-10 06:36:50', '2025-09-10 06:36:50'),
(90, 'ครูห้องสมุด', '$2y$10$w3ka/3UHvPhBs.YydqJvDOOcuc5xRi5dmQeHeK9wjwwVhV07vo0rK', NULL, 'สุจิตรา', 'ราชวงศ์', 'suchittra.r@tn.ac.th', NULL, 'user', '2025-09-17 02:49:14', '2025-09-17 02:49:14'),
(91, 'test01', '$2y$10$CYDGHVVyASyWb0g49BtFguMayZayQ6pWOSKdyLddUUOMNwinBR1eq', NULL, 'Test', '01', 'test01@test.com', NULL, 'user', '2025-10-09 01:09:42', '2025-10-09 01:09:42'),
(92, 'วิลาสินี', '$2y$10$n4yLuqiYC8fcC5RX743/Ve5f1gkH2ij22hytb3EFFsts4BPWVSlFy', NULL, 'วิลาสินี', 'ยอดวงศ์', 'kruwila38@hotmail.com', NULL, 'user', '2025-10-09 10:50:57', '2025-10-09 10:50:57');

--
-- Indexes for dumped tables
--

--
-- Indexes for table `audit_logs`
--
ALTER TABLE `audit_logs`
  ADD PRIMARY KEY (`id`),
  ADD KEY `user_id` (`user_id`);

--
-- Indexes for table `bookings`
--
ALTER TABLE `bookings`
  ADD PRIMARY KEY (`id`),
  ADD KEY `user_id` (`user_id`),
  ADD KEY `room_id` (`room_id`);

--
-- Indexes for table `booking_equipments`
--
ALTER TABLE `booking_equipments`
  ADD PRIMARY KEY (`id`),
  ADD KEY `booking_id` (`booking_id`),
  ADD KEY `equipment_id` (`equipment_id`);

--
-- Indexes for table `equipments`
--
ALTER TABLE `equipments`
  ADD PRIMARY KEY (`id`);

--
-- Indexes for table `rooms`
--
ALTER TABLE `rooms`
  ADD PRIMARY KEY (`id`);

--
-- Indexes for table `settings`
--
ALTER TABLE `settings`
  ADD PRIMARY KEY (`setting_name`);

--
-- Indexes for table `users`
--
ALTER TABLE `users`
  ADD PRIMARY KEY (`id`),
  ADD UNIQUE KEY `username` (`username`),
  ADD UNIQUE KEY `email` (`email`);

--
-- AUTO_INCREMENT for dumped tables
--

--
-- AUTO_INCREMENT for table `audit_logs`
--
ALTER TABLE `audit_logs`
  MODIFY `id` int NOT NULL AUTO_INCREMENT, AUTO_INCREMENT=135;

--
-- AUTO_INCREMENT for table `bookings`
--
ALTER TABLE `bookings`
  MODIFY `id` int NOT NULL AUTO_INCREMENT, AUTO_INCREMENT=233;

--
-- AUTO_INCREMENT for table `booking_equipments`
--
ALTER TABLE `booking_equipments`
  MODIFY `id` int NOT NULL AUTO_INCREMENT, AUTO_INCREMENT=791;

--
-- AUTO_INCREMENT for table `equipments`
--
ALTER TABLE `equipments`
  MODIFY `id` int NOT NULL AUTO_INCREMENT, AUTO_INCREMENT=8;

--
-- AUTO_INCREMENT for table `rooms`
--
ALTER TABLE `rooms`
  MODIFY `id` int NOT NULL AUTO_INCREMENT, AUTO_INCREMENT=12;

--
-- AUTO_INCREMENT for table `users`
--
ALTER TABLE `users`
  MODIFY `id` int NOT NULL AUTO_INCREMENT, AUTO_INCREMENT=93;

--
-- Constraints for dumped tables
--

--
-- Constraints for table `bookings`
--
ALTER TABLE `bookings`
  ADD CONSTRAINT `bookings_ibfk_1` FOREIGN KEY (`user_id`) REFERENCES `users` (`id`),
  ADD CONSTRAINT `bookings_ibfk_2` FOREIGN KEY (`room_id`) REFERENCES `rooms` (`id`);

--
-- Constraints for table `booking_equipments`
--
ALTER TABLE `booking_equipments`
  ADD CONSTRAINT `booking_equipments_ibfk_1` FOREIGN KEY (`booking_id`) REFERENCES `bookings` (`id`),
  ADD CONSTRAINT `booking_equipments_ibfk_2` FOREIGN KEY (`equipment_id`) REFERENCES `equipments` (`id`);
COMMIT;

/*!40101 SET CHARACTER_SET_CLIENT=@OLD_CHARACTER_SET_CLIENT */;
/*!40101 SET CHARACTER_SET_RESULTS=@OLD_CHARACTER_SET_RESULTS */;
/*!40101 SET COLLATION_CONNECTION=@OLD_COLLATION_CONNECTION */;
